lon,lat,pop_density
28.50291655560835,47.095416664952985,67.54
28.51124988890835,47.095416664952985,60.35
28.51958322220835,47.095416664952985,42.69
28.527916555508348,47.095416664952985,36.53
28.53624988880835,47.095416664952985,32.73
28.54458322210835,47.095416664952985,32.29
28.55291655540835,47.095416664952985,34.6
28.56124988870835,47.095416664952985,35.88
28.56958322200835,47.095416664952985,42.92
28.57791655530835,47.095416664952985,42.76
28.58624988860835,47.095416664952985,43.27
28.59458322190835,47.095416664952985,36.07
28.60291655520835,47.095416664952985,34.89
28.61124988850835,47.095416664952985,34.04
28.619583221808348,47.095416664952985,47.36
28.62791655510835,47.095416664952985,46.85
28.63624988840835,47.095416664952985,69.94
28.64458322170835,47.095416664952985,149.69
28.65291655500835,47.095416664952985,175.32
28.66124988830835,47.095416664952985,694.66
28.66958322160835,47.095416664952985,1395.65
28.677916554908354,47.095416664952985,1411.6
28.68624988820835,47.095416664952985,1434.91
28.69458322150835,47.095416664952985,1232.54
28.70291655480835,47.095416664952985,1112.29
28.711249888108348,47.095416664952985,346.05
28.72791655470835,47.095416664952985,467.6
28.73624988800835,47.095416664952985,1378.6
28.744583221308346,47.095416664952985,939.59
28.752916554608348,47.095416664952985,1174.16
28.76124988790835,47.095416664952985,1309.7
28.769583221208354,47.095416664952985,1102.92
28.77791655450835,47.095416664952985,876.1
28.78624988780835,47.095416664952985,329.4
28.79458322110835,47.095416664952985,169.94
28.80291655440835,47.095416664952985,499.22
28.81124988770835,47.095416664952985,1503.42
28.81958322100835,47.095416664952985,1883.28
28.82791655430835,47.095416664952985,1924.0
28.83624988760835,47.095416664952985,1854.3
28.844583220908348,47.095416664952985,1142.44
28.85291655420835,47.095416664952985,778.53
28.86124988750835,47.095416664952985,1602.93
28.86958322080835,47.095416664952985,1590.54
28.87791655410835,47.095416664952985,1317.99
28.88624988740835,47.095416664952985,649.29
28.89458322070835,47.095416664952985,583.13
28.90291655400835,47.095416664952985,561.61
28.91124988730835,47.095416664952985,347.26
28.91958322060835,47.095416664952985,432.03
28.92791655390835,47.095416664952985,532.93
28.936249887208348,47.095416664952985,298.89
28.94458322050835,47.095416664952985,181.25
28.95291655380835,47.095416664952985,181.67
28.961249887108348,47.095416664952985,189.47
28.96958322040835,47.095416664952985,316.51
28.97791655370835,47.095416664952985,441.51
28.98624988700835,47.095416664952985,471.28
28.994583220308346,47.095416664952985,275.77
28.50291655560835,47.08708333165298,61.84
28.51124988890835,47.08708333165298,50.6
28.51958322220835,47.08708333165298,37.08
28.527916555508348,47.08708333165298,34.95
28.53624988880835,47.08708333165298,33.53
28.54458322210835,47.08708333165298,31.31
28.55291655540835,47.08708333165298,31.56
28.56124988870835,47.08708333165298,35.07
28.56958322200835,47.08708333165298,40.46
28.57791655530835,47.08708333165298,74.27
28.58624988860835,47.08708333165298,112.63
28.59458322190835,47.08708333165298,82.02
28.60291655520835,47.08708333165298,58.4
28.61124988850835,47.08708333165298,41.43
28.619583221808348,47.08708333165298,40.29
28.62791655510835,47.08708333165298,39.11
28.63624988840835,47.08708333165298,59.65
28.64458322170835,47.08708333165298,124.26
28.65291655500835,47.08708333165298,125.82
28.66124988830835,47.08708333165298,538.51
28.66958322160835,47.08708333165298,933.68
28.677916554908354,47.08708333165298,1065.08
28.68624988820835,47.08708333165298,1274.66
28.69458322150835,47.08708333165298,1238.94
28.70291655480835,47.08708333165298,1221.21
28.711249888108348,47.08708333165298,930.52
28.71958322140835,47.08708333165298,145.3
28.72791655470835,47.08708333165298,39.78
28.73624988800835,47.08708333165298,1083.68
28.744583221308346,47.08708333165298,1363.26
28.752916554608348,47.08708333165298,1273.89
28.76124988790835,47.08708333165298,1475.1
28.769583221208354,47.08708333165298,1499.71
28.77791655450835,47.08708333165298,1167.06
28.78624988780835,47.08708333165298,415.54
28.79458322110835,47.08708333165298,171.06
28.80291655440835,47.08708333165298,215.34
28.81124988770835,47.08708333165298,380.18
28.81958322100835,47.08708333165298,1040.53
28.82791655430835,47.08708333165298,1338.1
28.83624988760835,47.08708333165298,1670.39
28.844583220908348,47.08708333165298,761.75
28.85291655420835,47.08708333165298,695.73
28.86124988750835,47.08708333165298,1388.67
28.86958322080835,47.08708333165298,1465.99
28.87791655410835,47.08708333165298,1270.08
28.88624988740835,47.08708333165298,707.66
28.89458322070835,47.08708333165298,437.32
28.90291655400835,47.08708333165298,316.9
28.91124988730835,47.08708333165298,382.88
28.91958322060835,47.08708333165298,399.93
28.92791655390835,47.08708333165298,545.6
28.936249887208348,47.08708333165298,589.8
28.94458322050835,47.08708333165298,459.27
28.95291655380835,47.08708333165298,302.2
28.961249887108348,47.08708333165298,729.15
28.96958322040835,47.08708333165298,963.67
28.97791655370835,47.08708333165298,765.33
28.98624988700835,47.08708333165298,360.15
28.994583220308346,47.08708333165298,167.98
28.50291655560835,47.078749998352976,45.56
28.51124988890835,47.078749998352976,45.56
28.51958322220835,47.078749998352976,44.18
28.527916555508348,47.078749998352976,38.32
28.53624988880835,47.078749998352976,34.22
28.54458322210835,47.078749998352976,31.78
28.55291655540835,47.078749998352976,31.73
28.56124988870835,47.078749998352976,34.45
28.56958322200835,47.078749998352976,40.79
28.57791655530835,47.078749998352976,88.57
28.58624988860835,47.078749998352976,143.42
28.59458322190835,47.078749998352976,183.23
28.60291655520835,47.078749998352976,184.28
28.61124988850835,47.078749998352976,143.7
28.619583221808348,47.078749998352976,69.12
28.62791655510835,47.078749998352976,44.0
28.63624988840835,47.078749998352976,44.11
28.64458322170835,47.078749998352976,67.32
28.65291655500835,47.078749998352976,51.27
28.66124988830835,47.078749998352976,431.59
28.66958322160835,47.078749998352976,810.12
28.677916554908354,47.078749998352976,1112.52
28.68624988820835,47.078749998352976,1582.46
28.69458322150835,47.078749998352976,1610.13
28.70291655480835,47.078749998352976,1549.32
28.711249888108348,47.078749998352976,1401.63
28.71958322140835,47.078749998352976,1249.07
28.72791655470835,47.078749998352976,1530.62
28.73624988800835,47.078749998352976,2038.1
28.744583221308346,47.078749998352976,1913.69
28.752916554608348,47.078749998352976,1569.16
28.76124988790835,47.078749998352976,1418.59
28.769583221208354,47.078749998352976,1690.39
28.77791655450835,47.078749998352976,917.08
28.78624988780835,47.078749998352976,283.64
28.79458322110835,47.078749998352976,259.01
28.80291655440835,47.078749998352976,433.93
28.81124988770835,47.078749998352976,701.95
28.81958322100835,47.078749998352976,948.02
28.82791655430835,47.078749998352976,1215.25
28.83624988760835,47.078749998352976,955.9
28.844583220908348,47.078749998352976,422.76
28.85291655420835,47.078749998352976,824.49
28.86124988750835,47.078749998352976,1146.69
28.86958322080835,47.078749998352976,1135.57
28.87791655410835,47.078749998352976,902.99
28.88624988740835,47.078749998352976,812.31
28.89458322070835,47.078749998352976,885.13
28.90291655400835,47.078749998352976,678.26
28.91124988730835,47.078749998352976,516.08
28.91958322060835,47.078749998352976,645.72
28.92791655390835,47.078749998352976,432.59
28.936249887208348,47.078749998352976,575.75
28.94458322050835,47.078749998352976,731.66
28.95291655380835,47.078749998352976,676.9
28.961249887108348,47.078749998352976,935.53
28.96958322040835,47.078749998352976,1445.42
28.97791655370835,47.078749998352976,1439.65
28.98624988700835,47.078749998352976,749.04
28.994583220308346,47.078749998352976,315.71
28.50291655560835,47.070416665052974,41.74
28.51124988890835,47.070416665052974,52.8
28.51958322220835,47.070416665052974,48.62
28.527916555508348,47.070416665052974,44.02
28.53624988880835,47.070416665052974,37.16
28.54458322210835,47.070416665052974,35.99
28.55291655540835,47.070416665052974,34.98
28.56124988870835,47.070416665052974,36.29
28.56958322200835,47.070416665052974,42.86
28.57791655530835,47.070416665052974,51.92
28.58624988860835,47.070416665052974,136.44
28.59458322190835,47.070416665052974,188.23
28.60291655520835,47.070416665052974,208.11
28.61124988850835,47.070416665052974,221.01
28.619583221808348,47.070416665052974,225.29
28.62791655510835,47.070416665052974,118.59
28.63624988840835,47.070416665052974,51.92
28.64458322170835,47.070416665052974,44.89
28.65291655500835,47.070416665052974,52.94
28.66124988830835,47.070416665052974,469.13
28.66958322160835,47.070416665052974,893.44
28.677916554908354,47.070416665052974,1223.67
28.68624988820835,47.070416665052974,1725.43
28.69458322150835,47.070416665052974,1692.59
28.70291655480835,47.070416665052974,1509.41
28.711249888108348,47.070416665052974,1281.68
28.71958322140835,47.070416665052974,1279.28
28.72791655470835,47.070416665052974,1455.67
28.73624988800835,47.070416665052974,1791.07
28.744583221308346,47.070416665052974,1912.46
28.752916554608348,47.070416665052974,1896.41
28.76124988790835,47.070416665052974,2128.2
28.769583221208354,47.070416665052974,2141.25
28.77791655450835,47.070416665052974,1729.39
28.78624988780835,47.070416665052974,968.07
28.79458322110835,47.070416665052974,1068.94
28.80291655440835,47.070416665052974,1205.3
28.81124988770835,47.070416665052974,1217.48
28.81958322100835,47.070416665052974,1431.54
28.82791655430835,47.070416665052974,1753.37
28.83624988760835,47.070416665052974,1706.85
28.844583220908348,47.070416665052974,1738.76
28.85291655420835,47.070416665052974,1630.02
28.86124988750835,47.070416665052974,1840.31
28.86958322080835,47.070416665052974,1762.37
28.87791655410835,47.070416665052974,1675.53
28.88624988740835,47.070416665052974,1733.19
28.89458322070835,47.070416665052974,1642.89
28.90291655400835,47.070416665052974,1213.09
28.91124988730835,47.070416665052974,581.66
28.91958322060835,47.070416665052974,936.29
28.92791655390835,47.070416665052974,777.2
28.936249887208348,47.070416665052974,651.8
28.94458322050835,47.070416665052974,1009.88
28.95291655380835,47.070416665052974,1089.37
28.961249887108348,47.070416665052974,1091.95
28.96958322040835,47.070416665052974,1793.43
28.97791655370835,47.070416665052974,1862.42
28.98624988700835,47.070416665052974,1608.75
28.994583220308346,47.070416665052974,1601.43
28.50291655560835,47.06208333175297,40.1
28.51124988890835,47.06208333175297,52.33
28.51958322220835,47.06208333175297,73.23
28.527916555508348,47.06208333175297,73.36
28.53624988880835,47.06208333175297,47.05
28.54458322210835,47.06208333175297,48.2
28.55291655540835,47.06208333175297,77.81
28.56124988870835,47.06208333175297,178.03
28.56958322200835,47.06208333175297,214.23
28.57791655530835,47.06208333175297,156.68
28.58624988860835,47.06208333175297,80.03
28.59458322190835,47.06208333175297,111.16
28.60291655520835,47.06208333175297,202.26
28.61124988850835,47.06208333175297,275.57
28.619583221808348,47.06208333175297,274.4
28.62791655510835,47.06208333175297,218.58
28.63624988840835,47.06208333175297,83.69
28.64458322170835,47.06208333175297,57.39
28.65291655500835,47.06208333175297,45.0
28.66124988830835,47.06208333175297,221.35
28.66958322160835,47.06208333175297,595.55
28.677916554908354,47.06208333175297,934.16
28.68624988820835,47.06208333175297,1237.1
28.69458322150835,47.06208333175297,1147.07
28.70291655480835,47.06208333175297,743.72
28.711249888108348,47.06208333175297,744.95
28.71958322140835,47.06208333175297,1282.01
28.72791655470835,47.06208333175297,1335.46
28.73624988800835,47.06208333175297,1514.73
28.744583221308346,47.06208333175297,1739.94
28.752916554608348,47.06208333175297,1796.07
28.76124988790835,47.06208333175297,1952.59
28.769583221208354,47.06208333175297,2101.1
28.77791655450835,47.06208333175297,2059.2
28.78624988780835,47.06208333175297,1704.42
28.79458322110835,47.06208333175297,1855.6
28.80291655440835,47.06208333175297,1866.91
28.81124988770835,47.06208333175297,1836.93
28.81958322100835,47.06208333175297,1685.35
28.82791655430835,47.06208333175297,1895.87
28.83624988760835,47.06208333175297,1997.93
28.844583220908348,47.06208333175297,2020.46
28.85291655420835,47.06208333175297,1938.62
28.86124988750835,47.06208333175297,1941.69
28.86958322080835,47.06208333175297,1957.73
28.87791655410835,47.06208333175297,1845.32
28.88624988740835,47.06208333175297,1819.07
28.89458322070835,47.06208333175297,1745.86
28.90291655400835,47.06208333175297,1423.52
28.91124988730835,47.06208333175297,542.54
28.91958322060835,47.06208333175297,1030.22
28.92791655390835,47.06208333175297,1200.26
28.936249887208348,47.06208333175297,1310.95
28.94458322050835,47.06208333175297,1499.3
28.95291655380835,47.06208333175297,1583.36
28.961249887108348,47.06208333175297,1360.97
28.96958322040835,47.06208333175297,1360.57
28.97791655370835,47.06208333175297,1728.63
28.98624988700835,47.06208333175297,1555.35
28.994583220308346,47.06208333175297,1786.6
28.50291655560835,47.053749998452986,75.54
28.51124988890835,47.053749998452986,56.73
28.51958322220835,47.053749998452986,80.77
28.527916555508348,47.053749998452986,81.07
28.53624988880835,47.053749998452986,55.21
28.54458322210835,47.053749998452986,65.81
28.55291655540835,47.053749998452986,147.62
28.56124988870835,47.053749998452986,284.55
28.56958322200835,47.053749998452986,334.16
28.57791655530835,47.053749998452986,249.84
28.58624988860835,47.053749998452986,186.16
28.59458322190835,47.053749998452986,80.65
28.60291655520835,47.053749998452986,104.72
28.61124988850835,47.053749998452986,154.23
28.619583221808348,47.053749998452986,185.06
28.62791655510835,47.053749998452986,179.84
28.63624988840835,47.053749998452986,112.2
28.64458322170835,47.053749998452986,70.51
28.65291655500835,47.053749998452986,45.7
28.66124988830835,47.053749998452986,98.0
28.66958322160835,47.053749998452986,202.58
28.677916554908354,47.053749998452986,273.56
28.68624988820835,47.053749998452986,399.16
28.69458322150835,47.053749998452986,345.14
28.70291655480835,47.053749998452986,437.7
28.711249888108348,47.053749998452986,354.54
28.71958322140835,47.053749998452986,780.17
28.72791655470835,47.053749998452986,1435.35
28.73624988800835,47.053749998452986,1694.54
28.744583221308346,47.053749998452986,1514.99
28.752916554608348,47.053749998452986,1207.08
28.76124988790835,47.053749998452986,1695.24
28.769583221208354,47.053749998452986,1866.76
28.77791655450835,47.053749998452986,2134.32
28.78624988780835,47.053749998452986,2025.87
28.79458322110835,47.053749998452986,2069.69
28.80291655440835,47.053749998452986,2155.07
28.81124988770835,47.053749998452986,2098.55
28.81958322100835,47.053749998452986,1999.28
28.82791655430835,47.053749998452986,1985.8
28.83624988760835,47.053749998452986,2043.93
28.844583220908348,47.053749998452986,1998.73
28.85291655420835,47.053749998452986,2025.56
28.86124988750835,47.053749998452986,2019.75
28.86958322080835,47.053749998452986,1965.34
28.87791655410835,47.053749998452986,1844.83
28.88624988740835,47.053749998452986,1876.33
28.89458322070835,47.053749998452986,1896.91
28.90291655400835,47.053749998452986,1625.18
28.91124988730835,47.053749998452986,1007.42
28.91958322060835,47.053749998452986,1474.76
28.92791655390835,47.053749998452986,1612.67
28.936249887208348,47.053749998452986,1482.56
28.94458322050835,47.053749998452986,1424.48
28.95291655380835,47.053749998452986,1195.06
28.961249887108348,47.053749998452986,577.93
28.96958322040835,47.053749998452986,496.39
28.97791655370835,47.053749998452986,557.83
28.98624988700835,47.053749998452986,284.16
28.994583220308346,47.053749998452986,411.71
28.50291655560835,47.04541666515298,201.62
28.51124988890835,47.04541666515298,78.08
28.51958322220835,47.04541666515298,83.96
28.527916555508348,47.04541666515298,81.71
28.53624988880835,47.04541666515298,52.53
28.54458322210835,47.04541666515298,65.83
28.55291655540835,47.04541666515298,86.44
28.56124988870835,47.04541666515298,140.81
28.56958322200835,47.04541666515298,126.27
28.57791655530835,47.04541666515298,89.67
28.58624988860835,47.04541666515298,90.89
28.59458322190835,47.04541666515298,58.73
28.60291655520835,47.04541666515298,55.42
28.61124988850835,47.04541666515298,73.51
28.619583221808348,47.04541666515298,81.2
28.62791655510835,47.04541666515298,104.37
28.63624988840835,47.04541666515298,130.5
28.64458322170835,47.04541666515298,81.92
28.65291655500835,47.04541666515298,46.69
28.66124988830835,47.04541666515298,40.5
28.66958322160835,47.04541666515298,129.87
28.677916554908354,47.04541666515298,160.69
28.68624988820835,47.04541666515298,161.37
28.69458322150835,47.04541666515298,294.92
28.70291655480835,47.04541666515298,361.96
28.711249888108348,47.04541666515298,418.89
28.71958322140835,47.04541666515298,742.38
28.72791655470835,47.04541666515298,1325.51
28.73624988800835,47.04541666515298,1636.78
28.744583221308346,47.04541666515298,1537.77
28.752916554608348,47.04541666515298,1276.13
28.76124988790835,47.04541666515298,1593.18
28.769583221208354,47.04541666515298,1798.36
28.77791655450835,47.04541666515298,1978.55
28.78624988780835,47.04541666515298,1838.14
28.79458322110835,47.04541666515298,1955.82
28.80291655440835,47.04541666515298,2177.34
28.81124988770835,47.04541666515298,2250.71
28.81958322100835,47.04541666515298,2115.5
28.82791655430835,47.04541666515298,2174.93
28.83624988760835,47.04541666515298,2100.32
28.844583220908348,47.04541666515298,2105.14
28.85291655420835,47.04541666515298,2039.26
28.86124988750835,47.04541666515298,2023.07
28.86958322080835,47.04541666515298,1998.93
28.87791655410835,47.04541666515298,1900.06
28.88624988740835,47.04541666515298,1916.74
28.89458322070835,47.04541666515298,1931.28
28.90291655400835,47.04541666515298,1861.36
28.91124988730835,47.04541666515298,1548.33
28.91958322060835,47.04541666515298,1178.17
28.92791655390835,47.04541666515298,1428.85
28.936249887208348,47.04541666515298,1441.81
28.94458322050835,47.04541666515298,1469.39
28.95291655380835,47.04541666515298,1511.07
28.961249887108348,47.04541666515298,1474.86
28.96958322040835,47.04541666515298,1308.32
28.97791655370835,47.04541666515298,740.86
28.98624988700835,47.04541666515298,79.27
28.994583220308346,47.04541666515298,44.58
28.50291655560835,47.037083331852976,151.09
28.51124988890835,47.037083331852976,70.49
28.51958322220835,47.037083331852976,97.53
28.527916555508348,47.037083331852976,139.58
28.53624988880835,47.037083331852976,114.02
28.54458322210835,47.037083331852976,91.73
28.55291655540835,47.037083331852976,67.69
28.56124988870835,47.037083331852976,76.46
28.56958322200835,47.037083331852976,89.34
28.57791655530835,47.037083331852976,77.04
28.58624988860835,47.037083331852976,60.83
28.59458322190835,47.037083331852976,47.59
28.60291655520835,47.037083331852976,58.46
28.61124988850835,47.037083331852976,104.29
28.619583221808348,47.037083331852976,166.61
28.62791655510835,47.037083331852976,169.03
28.63624988840835,47.037083331852976,133.33
28.64458322170835,47.037083331852976,54.4
28.65291655500835,47.037083331852976,48.23
28.66124988830835,47.037083331852976,40.95
28.66958322160835,47.037083331852976,64.48
28.677916554908354,47.037083331852976,162.13
28.68624988820835,47.037083331852976,296.72
28.69458322150835,47.037083331852976,465.4
28.70291655480835,47.037083331852976,488.99
28.711249888108348,47.037083331852976,583.94
28.71958322140835,47.037083331852976,855.31
28.72791655470835,47.037083331852976,1154.22
28.73624988800835,47.037083331852976,1200.14
28.744583221308346,47.037083331852976,1286.79
28.752916554608348,47.037083331852976,1536.0
28.76124988790835,47.037083331852976,1619.06
28.769583221208354,47.037083331852976,1780.14
28.77791655450835,47.037083331852976,1857.65
28.78624988780835,47.037083331852976,1939.56
28.79458322110835,47.037083331852976,2011.19
28.80291655440835,47.037083331852976,2140.94
28.81124988770835,47.037083331852976,2191.19
28.81958322100835,47.037083331852976,2164.46
28.82791655430835,47.037083331852976,2186.78
28.83624988760835,47.037083331852976,2235.25
28.844583220908348,47.037083331852976,2240.38
28.85291655420835,47.037083331852976,2151.37
28.86124988750835,47.037083331852976,2068.76
28.86958322080835,47.037083331852976,2008.76
28.87791655410835,47.037083331852976,1957.86
28.88624988740835,47.037083331852976,1969.34
28.89458322070835,47.037083331852976,1981.05
28.90291655400835,47.037083331852976,2010.85
28.91124988730835,47.037083331852976,1776.44
28.91958322060835,47.037083331852976,1014.48
28.92791655390835,47.037083331852976,1086.84
28.936249887208348,47.037083331852976,1238.87
28.94458322050835,47.037083331852976,1444.76
28.95291655380835,47.037083331852976,1496.4
28.961249887108348,47.037083331852976,1509.53
28.96958322040835,47.037083331852976,1396.68
28.97791655370835,47.037083331852976,747.85
28.98624988700835,47.037083331852976,94.89
28.994583220308346,47.037083331852976,70.16
28.50291655560835,47.028749998552975,64.8
28.51124988890835,47.028749998552975,86.66
28.51958322220835,47.028749998552975,92.5
28.527916555508348,47.028749998552975,223.24
28.53624988880835,47.028749998552975,291.83
28.54458322210835,47.028749998552975,281.23
28.55291655540835,47.028749998552975,164.6
28.56124988870835,47.028749998552975,76.39
28.56958322200835,47.028749998552975,79.4
28.57791655530835,47.028749998552975,55.07
28.58624988860835,47.028749998552975,47.48
28.59458322190835,47.028749998552975,51.17
28.60291655520835,47.028749998552975,108.73
28.61124988850835,47.028749998552975,127.25
28.619583221808348,47.028749998552975,163.47
28.62791655510835,47.028749998552975,195.2
28.63624988840835,47.028749998552975,204.03
28.64458322170835,47.028749998552975,185.32
28.65291655500835,47.028749998552975,108.56
28.66124988830835,47.028749998552975,57.98
28.66958322160835,47.028749998552975,59.9
28.677916554908354,47.028749998552975,112.98
28.68624988820835,47.028749998552975,385.81
28.69458322150835,47.028749998552975,591.79
28.70291655480835,47.028749998552975,652.8
28.711249888108348,47.028749998552975,1067.9
28.71958322140835,47.028749998552975,1324.65
28.72791655470835,47.028749998552975,1365.92
28.73624988800835,47.028749998552975,1168.73
28.744583221308346,47.028749998552975,1069.07
28.752916554608348,47.028749998552975,1394.69
28.76124988790835,47.028749998552975,1761.25
28.769583221208354,47.028749998552975,1937.58
28.77791655450835,47.028749998552975,1971.99
28.78624988780835,47.028749998552975,2031.39
28.79458322110835,47.028749998552975,2047.73
28.80291655440835,47.028749998552975,2033.59
28.81124988770835,47.028749998552975,2118.64
28.81958322100835,47.028749998552975,2068.79
28.82791655430835,47.028749998552975,2035.21
28.83624988760835,47.028749998552975,2139.37
28.844583220908348,47.028749998552975,2219.16
28.85291655420835,47.028749998552975,2263.31
28.86124988750835,47.028749998552975,2284.46
28.86958322080835,47.028749998552975,2077.7
28.87791655410835,47.028749998552975,1951.22
28.88624988740835,47.028749998552975,1952.59
28.89458322070835,47.028749998552975,2019.23
28.90291655400835,47.028749998552975,1992.21
28.91124988730835,47.028749998552975,1008.02
28.91958322060835,47.028749998552975,431.82
28.92791655390835,47.028749998552975,483.2
28.936249887208348,47.028749998552975,602.28
28.94458322050835,47.028749998552975,585.65
28.95291655380835,47.028749998552975,743.14
28.961249887108348,47.028749998552975,492.75
28.96958322040835,47.028749998552975,547.52
28.97791655370835,47.028749998552975,406.9
28.98624988700835,47.028749998552975,108.8
28.994583220308346,47.028749998552975,142.2
28.50291655560835,47.020416665252974,43.14
28.51124988890835,47.020416665252974,62.45
28.51958322220835,47.020416665252974,122.26
28.527916555508348,47.020416665252974,300.18
28.53624988880835,47.020416665252974,354.48
28.54458322210835,47.020416665252974,343.14
28.55291655540835,47.020416665252974,284.65
28.56124988870835,47.020416665252974,109.12
28.56958322200835,47.020416665252974,42.07
28.57791655530835,47.020416665252974,40.2
28.58624988860835,47.020416665252974,42.07
28.59458322190835,47.020416665252974,44.87
28.60291655520835,47.020416665252974,78.12
28.61124988850835,47.020416665252974,102.75
28.619583221808348,47.020416665252974,128.22
28.62791655510835,47.020416665252974,158.98
28.63624988840835,47.020416665252974,203.01
28.64458322170835,47.020416665252974,253.42
28.65291655500835,47.020416665252974,238.7
28.66124988830835,47.020416665252974,155.92
28.66958322160835,47.020416665252974,100.91
28.677916554908354,47.020416665252974,85.47
28.68624988820835,47.020416665252974,80.34
28.69458322150835,47.020416665252974,353.04
28.70291655480835,47.020416665252974,766.35
28.711249888108348,47.020416665252974,1224.86
28.71958322140835,47.020416665252974,1210.16
28.72791655470835,47.020416665252974,864.99
28.73624988800835,47.020416665252974,1207.24
28.744583221308346,47.020416665252974,1638.53
28.752916554608348,47.020416665252974,1501.15
28.76124988790835,47.020416665252974,1719.56
28.769583221208354,47.020416665252974,1905.84
28.77791655450835,47.020416665252974,1854.2
28.78624988780835,47.020416665252974,1991.42
28.79458322110835,47.020416665252974,2011.8
28.80291655440835,47.020416665252974,2068.6
28.81124988770835,47.020416665252974,1495.52
28.81958322100835,47.020416665252974,1975.01
28.82791655430835,47.020416665252974,2086.63
28.83624988760835,47.020416665252974,2100.52
28.844583220908348,47.020416665252974,2177.03
28.85291655420835,47.020416665252974,2244.25
28.86124988750835,47.020416665252974,2348.45
28.86958322080835,47.020416665252974,2218.58
28.87791655410835,47.020416665252974,2017.32
28.88624988740835,47.020416665252974,1951.67
28.89458322070835,47.020416665252974,2079.67
28.90291655400835,47.020416665252974,1868.33
28.91124988730835,47.020416665252974,742.29
28.91958322060835,47.020416665252974,273.94
28.92791655390835,47.020416665252974,226.24
28.936249887208348,47.020416665252974,215.92
28.94458322050835,47.020416665252974,275.4
28.95291655380835,47.020416665252974,384.34
28.961249887108348,47.020416665252974,323.07
28.96958322040835,47.020416665252974,265.63
28.97791655370835,47.020416665252974,207.19
28.98624988700835,47.020416665252974,122.27
28.994583220308346,47.020416665252974,147.57
28.50291655560835,47.01208333195298,37.59
28.51124988890835,47.01208333195298,41.57
28.51958322220835,47.01208333195298,67.88
28.527916555508348,47.01208333195298,196.93
28.53624988880835,47.01208333195298,313.03
28.54458322210835,47.01208333195298,316.1
28.55291655540835,47.01208333195298,241.55
28.56124988870835,47.01208333195298,80.5
28.56958322200835,47.01208333195298,40.9
28.57791655530835,47.01208333195298,37.41
28.58624988860835,47.01208333195298,34.65
28.59458322190835,47.01208333195298,36.41
28.60291655520835,47.01208333195298,47.72
28.61124988850835,47.01208333195298,48.92
28.619583221808348,47.01208333195298,50.72
28.62791655510835,47.01208333195298,80.87
28.63624988840835,47.01208333195298,90.8
28.64458322170835,47.01208333195298,141.55
28.65291655500835,47.01208333195298,236.73
28.66124988830835,47.01208333195298,193.99
28.66958322160835,47.01208333195298,243.97
28.677916554908354,47.01208333195298,200.5
28.68624988820835,47.01208333195298,82.6
28.69458322150835,47.01208333195298,117.69
28.70291655480835,47.01208333195298,273.05
28.711249888108348,47.01208333195298,549.54
28.71958322140835,47.01208333195298,666.0
28.72791655470835,47.01208333195298,809.44
28.73624988800835,47.01208333195298,1121.57
28.744583221308346,47.01208333195298,1363.04
28.752916554608348,47.01208333195298,1452.67
28.76124988790835,47.01208333195298,1576.93
28.769583221208354,47.01208333195298,1693.83
28.77791655450835,47.01208333195298,1346.38
28.78624988780835,47.01208333195298,1508.44
28.79458322110835,47.01208333195298,1736.82
28.80291655440835,47.01208333195298,1791.47
28.81124988770835,47.01208333195298,1782.07
28.81958322100835,47.01208333195298,1981.23
28.82791655430835,47.01208333195298,2055.82
28.83624988760835,47.01208333195298,2091.38
28.844583220908348,47.01208333195298,2102.43
28.85291655420835,47.01208333195298,2170.35
28.86124988750835,47.01208333195298,2309.17
28.86958322080835,47.01208333195298,2361.52
28.87791655410835,47.01208333195298,2203.34
28.88624988740835,47.01208333195298,2018.78
28.89458322070835,47.01208333195298,2007.2
28.90291655400835,47.01208333195298,1575.36
28.91124988730835,47.01208333195298,919.26
28.91958322060835,47.01208333195298,865.34
28.92791655390835,47.01208333195298,656.73
28.936249887208348,47.01208333195298,558.12
28.94458322050835,47.01208333195298,355.7
28.95291655380835,47.01208333195298,234.32
28.961249887108348,47.01208333195298,183.67
28.96958322040835,47.01208333195298,178.91
28.97791655370835,47.01208333195298,162.28
28.98624988700835,47.01208333195298,235.81
28.994583220308346,47.01208333195298,158.28
28.50291655560835,47.003749998652985,36.49
28.51124988890835,47.003749998652985,36.97
28.51958322220835,47.003749998652985,42.17
28.527916555508348,47.003749998652985,68.5
28.53624988880835,47.003749998652985,195.74
28.54458322210835,47.003749998652985,230.11
28.55291655540835,47.003749998652985,132.47
28.56124988870835,47.003749998652985,55.3
28.56958322200835,47.003749998652985,46.22
28.57791655530835,47.003749998652985,36.8
28.58624988860835,47.003749998652985,34.19
28.59458322190835,47.003749998652985,33.8
28.60291655520835,47.003749998652985,34.62
28.61124988850835,47.003749998652985,37.38
28.619583221808348,47.003749998652985,40.65
28.62791655510835,47.003749998652985,43.57
28.63624988840835,47.003749998652985,49.84
28.64458322170835,47.003749998652985,60.05
28.65291655500835,47.003749998652985,129.04
28.66124988830835,47.003749998652985,272.23
28.66958322160835,47.003749998652985,325.03
28.677916554908354,47.003749998652985,306.21
28.68624988820835,47.003749998652985,120.27
28.69458322150835,47.003749998652985,84.06
28.70291655480835,47.003749998652985,165.62
28.711249888108348,47.003749998652985,233.87
28.71958322140835,47.003749998652985,225.59
28.72791655470835,47.003749998652985,303.67
28.73624988800835,47.003749998652985,643.14
28.744583221308346,47.003749998652985,375.55
28.752916554608348,47.003749998652985,717.08
28.76124988790835,47.003749998652985,1268.61
28.769583221208354,47.003749998652985,1393.69
28.77791655450835,47.003749998652985,1504.04
28.78624988780835,47.003749998652985,1467.57
28.79458322110835,47.003749998652985,1631.34
28.80291655440835,47.003749998652985,1926.84
28.81124988770835,47.003749998652985,1931.64
28.81958322100835,47.003749998652985,1953.14
28.82791655430835,47.003749998652985,2011.98
28.83624988760835,47.003749998652985,2016.42
28.844583220908348,47.003749998652985,2033.86
28.85291655420835,47.003749998652985,2003.14
28.86124988750835,47.003749998652985,2068.15
28.86958322080835,47.003749998652985,2257.3
28.87791655410835,47.003749998652985,2356.58
28.88624988740835,47.003749998652985,2261.73
28.89458322070835,47.003749998652985,2151.72
28.90291655400835,47.003749998652985,2059.41
28.91124988730835,47.003749998652985,1846.51
28.91958322060835,47.003749998652985,1631.28
28.92791655390835,47.003749998652985,1273.45
28.936249887208348,47.003749998652985,777.23
28.94458322050835,47.003749998652985,709.61
28.95291655380835,47.003749998652985,513.24
28.961249887108348,47.003749998652985,248.1
28.96958322040835,47.003749998652985,553.0
28.97791655370835,47.003749998652985,579.08
28.98624988700835,47.003749998652985,418.39
28.994583220308346,47.003749998652985,379.99
28.50291655560835,46.99541666535298,36.22
28.51124988890835,46.99541666535298,36.65
28.51958322220835,46.99541666535298,38.05
28.527916555508348,46.99541666535298,46.98
28.53624988880835,46.99541666535298,67.47
28.54458322210835,46.99541666535298,82.08
28.55291655540835,46.99541666535298,65.84
28.56124988870835,46.99541666535298,61.23
28.56958322200835,46.99541666535298,47.25
28.57791655530835,46.99541666535298,39.13
28.58624988860835,46.99541666535298,38.87
28.59458322190835,46.99541666535298,41.05
28.60291655520835,46.99541666535298,40.47
28.61124988850835,46.99541666535298,37.46
28.619583221808348,46.99541666535298,37.39
28.62791655510835,46.99541666535298,40.3
28.63624988840835,46.99541666535298,41.08
28.64458322170835,46.99541666535298,45.23
28.65291655500835,46.99541666535298,103.05
28.66124988830835,46.99541666535298,269.85
28.66958322160835,46.99541666535298,384.14
28.677916554908354,46.99541666535298,275.61
28.68624988820835,46.99541666535298,249.27
28.69458322150835,46.99541666535298,204.86
28.70291655480835,46.99541666535298,106.83
28.711249888108348,46.99541666535298,71.27
28.71958322140835,46.99541666535298,78.27
28.72791655470835,46.99541666535298,162.87
28.73624988800835,46.99541666535298,268.81
28.744583221308346,46.99541666535298,463.79
28.752916554608348,46.99541666535298,319.17
28.76124988790835,46.99541666535298,492.9
28.769583221208354,46.99541666535298,1115.72
28.77791655450835,46.99541666535298,1546.44
28.78624988780835,46.99541666535298,1622.61
28.79458322110835,46.99541666535298,1820.75
28.80291655440835,46.99541666535298,1903.86
28.81124988770835,46.99541666535298,1926.79
28.81958322100835,46.99541666535298,1965.45
28.82791655430835,46.99541666535298,1914.16
28.83624988760835,46.99541666535298,1898.75
28.844583220908348,46.99541666535298,1998.2
28.85291655420835,46.99541666535298,2029.94
28.86124988750835,46.99541666535298,2089.32
28.86958322080835,46.99541666535298,2128.0
28.87791655410835,46.99541666535298,2246.91
28.88624988740835,46.99541666535298,2323.76
28.89458322070835,46.99541666535298,2334.2
28.90291655400835,46.99541666535298,2243.94
28.91124988730835,46.99541666535298,2105.2
28.91958322060835,46.99541666535298,1660.27
28.92791655390835,46.99541666535298,1359.1
28.936249887208348,46.99541666535298,1149.24
28.94458322050835,46.99541666535298,1056.29
28.95291655380835,46.99541666535298,671.54
28.961249887108348,46.99541666535298,303.85
28.96958322040835,46.99541666535298,877.51
28.97791655370835,46.99541666535298,1202.47
28.98624988700835,46.99541666535298,602.31
28.994583220308346,46.99541666535298,162.59
28.50291655560835,46.987083332052975,37.32
28.51124988890835,46.987083332052975,36.76
28.51958322220835,46.987083332052975,35.95
28.527916555508348,46.987083332052975,38.51
28.53624988880835,46.987083332052975,43.9
28.54458322210835,46.987083332052975,55.6
28.55291655540835,46.987083332052975,63.33
28.56124988870835,46.987083332052975,65.53
28.56958322200835,46.987083332052975,67.78
28.57791655530835,46.987083332052975,54.88
28.58624988860835,46.987083332052975,49.74
28.59458322190835,46.987083332052975,47.91
28.60291655520835,46.987083332052975,45.55
28.61124988850835,46.987083332052975,42.99
28.619583221808348,46.987083332052975,38.24
28.62791655510835,46.987083332052975,37.97
28.63624988840835,46.987083332052975,38.58
28.64458322170835,46.987083332052975,44.03
28.65291655500835,46.987083332052975,134.37
28.66124988830835,46.987083332052975,311.27
28.66958322160835,46.987083332052975,426.09
28.677916554908354,46.987083332052975,380.6
28.68624988820835,46.987083332052975,225.33
28.69458322150835,46.987083332052975,265.43
28.70291655480835,46.987083332052975,224.5
28.711249888108348,46.987083332052975,193.29
28.71958322140835,46.987083332052975,109.21
28.72791655470835,46.987083332052975,64.87
28.73624988800835,46.987083332052975,133.87
28.744583221308346,46.987083332052975,292.85
28.752916554608348,46.987083332052975,474.22
28.76124988790835,46.987083332052975,557.75
28.769583221208354,46.987083332052975,1482.92
28.77791655450835,46.987083332052975,1622.45
28.78624988780835,46.987083332052975,1486.47
28.79458322110835,46.987083332052975,1780.99
28.80291655440835,46.987083332052975,1928.41
28.81124988770835,46.987083332052975,1958.94
28.81958322100835,46.987083332052975,1962.31
28.82791655430835,46.987083332052975,1943.08
28.83624988760835,46.987083332052975,1850.52
28.844583220908348,46.987083332052975,1797.01
28.85291655420835,46.987083332052975,1895.49
28.86124988750835,46.987083332052975,1962.0
28.86958322080835,46.987083332052975,2063.43
28.87791655410835,46.987083332052975,2160.78
28.88624988740835,46.987083332052975,2233.37
28.89458322070835,46.987083332052975,2329.51
28.90291655400835,46.987083332052975,2359.55
28.91124988730835,46.987083332052975,2248.56
28.91958322060835,46.987083332052975,2031.84
28.92791655390835,46.987083332052975,1770.03
28.936249887208348,46.987083332052975,1457.06
28.94458322050835,46.987083332052975,1252.82
28.95291655380835,46.987083332052975,1044.35
28.961249887108348,46.987083332052975,309.88
28.96958322040835,46.987083332052975,267.92
28.97791655370835,46.987083332052975,310.57
28.98624988700835,46.987083332052975,106.25
28.994583220308346,46.987083332052975,61.26
28.50291655560835,46.978749998752974,42.25
28.51124988890835,46.978749998752974,37.92
28.51958322220835,46.978749998752974,36.96
28.527916555508348,46.978749998752974,36.07
28.53624988880835,46.978749998752974,38.66
28.54458322210835,46.978749998752974,45.72
28.55291655540835,46.978749998752974,73.22
28.56124988870835,46.978749998752974,166.8
28.56958322200835,46.978749998752974,217.15
28.57791655530835,46.978749998752974,222.12
28.58624988860835,46.978749998752974,164.35
28.59458322190835,46.978749998752974,112.76
28.60291655520835,46.978749998752974,50.01
28.61124988850835,46.978749998752974,48.74
28.619583221808348,46.978749998752974,42.27
28.62791655510835,46.978749998752974,37.66
28.63624988840835,46.978749998752974,38.35
28.64458322170835,46.978749998752974,43.79
28.65291655500835,46.978749998752974,137.57
28.66124988830835,46.978749998752974,245.67
28.66958322160835,46.978749998752974,300.46
28.677916554908354,46.978749998752974,369.58
28.68624988820835,46.978749998752974,335.04
28.69458322150835,46.978749998752974,116.16
28.70291655480835,46.978749998752974,129.84
28.711249888108348,46.978749998752974,190.46
28.71958322140835,46.978749998752974,202.85
28.72791655470835,46.978749998752974,137.07
28.73624988800835,46.978749998752974,98.67
28.744583221308346,46.978749998752974,214.32
28.752916554608348,46.978749998752974,429.78
28.76124988790835,46.978749998752974,1142.9
28.769583221208354,46.978749998752974,1730.48
28.77791655450835,46.978749998752974,1508.69
28.78624988780835,46.978749998752974,1072.65
28.79458322110835,46.978749998752974,1805.25
28.80291655440835,46.978749998752974,1889.28
28.81124988770835,46.978749998752974,1950.0
28.81958322100835,46.978749998752974,2002.04
28.82791655430835,46.978749998752974,1990.66
28.83624988760835,46.978749998752974,1917.17
28.844583220908348,46.978749998752974,1791.92
28.85291655420835,46.978749998752974,1817.84
28.86124988750835,46.978749998752974,1975.18
28.86958322080835,46.978749998752974,2020.98
28.87791655410835,46.978749998752974,2064.29
28.88624988740835,46.978749998752974,2087.0
28.89458322070835,46.978749998752974,2139.31
28.90291655400835,46.978749998752974,2192.91
28.91124988730835,46.978749998752974,2333.13
28.91958322060835,46.978749998752974,2083.79
28.92791655390835,46.978749998752974,1544.0
28.936249887208348,46.978749998752974,1397.17
28.94458322050835,46.978749998752974,1223.97
28.95291655380835,46.978749998752974,857.26
28.961249887108348,46.978749998752974,236.28
28.96958322040835,46.978749998752974,166.34
28.97791655370835,46.978749998752974,104.57
28.98624988700835,46.978749998752974,36.02
28.994583220308346,46.978749998752974,56.96
28.50291655560835,46.97041666545298,166.9
28.51124988890835,46.97041666545298,52.74
28.51958322220835,46.97041666545298,39.08
28.527916555508348,46.97041666545298,36.73
28.53624988880835,46.97041666545298,36.44
28.54458322210835,46.97041666545298,39.76
28.55291655540835,46.97041666545298,66.51
28.56124988870835,46.97041666545298,149.97
28.56958322200835,46.97041666545298,198.34
28.57791655530835,46.97041666545298,241.5
28.58624988860835,46.97041666545298,247.33
28.59458322190835,46.97041666545298,235.82
28.60291655520835,46.97041666545298,156.0
28.61124988850835,46.97041666545298,67.02
28.619583221808348,46.97041666545298,44.1
28.62791655510835,46.97041666545298,37.4
28.63624988840835,46.97041666545298,39.82
28.64458322170835,46.97041666545298,41.5
28.65291655500835,46.97041666545298,58.14
28.66124988830835,46.97041666545298,141.8
28.66958322160835,46.97041666545298,138.56
28.677916554908354,46.97041666545298,93.43
28.68624988820835,46.97041666545298,121.03
28.69458322150835,46.97041666545298,227.68
28.70291655480835,46.97041666545298,245.78
28.711249888108348,46.97041666545298,96.29
28.71958322140835,46.97041666545298,132.24
28.72791655470835,46.97041666545298,200.24
28.73624988800835,46.97041666545298,94.16
28.744583221308346,46.97041666545298,199.38
28.752916554608348,46.97041666545298,315.1
28.76124988790835,46.97041666545298,484.95
28.769583221208354,46.97041666545298,532.63
28.77791655450835,46.97041666545298,410.38
28.78624988780835,46.97041666545298,285.15
28.79458322110835,46.97041666545298,766.2
28.80291655440835,46.97041666545298,886.37
28.81124988770835,46.97041666545298,1468.06
28.81958322100835,46.97041666545298,1951.84
28.82791655430835,46.97041666545298,2023.35
28.83624988760835,46.97041666545298,1916.61
28.844583220908348,46.97041666545298,1645.89
28.85291655420835,46.97041666545298,1853.43
28.86124988750835,46.97041666545298,1979.92
28.86958322080835,46.97041666545298,1892.51
28.87791655410835,46.97041666545298,1645.48
28.88624988740835,46.97041666545298,1980.15
28.89458322070835,46.97041666545298,2017.98
28.90291655400835,46.97041666545298,1440.56
28.91124988730835,46.97041666545298,1851.14
28.91958322060835,46.97041666545298,2092.37
28.92791655390835,46.97041666545298,1830.95
28.936249887208348,46.97041666545298,1694.62
28.94458322050835,46.97041666545298,1242.71
28.95291655380835,46.97041666545298,591.97
28.961249887108348,46.97041666545298,262.4
28.96958322040835,46.97041666545298,153.87
28.97791655370835,46.97041666545298,43.05
28.98624988700835,46.97041666545298,32.73
28.994583220308346,46.97041666545298,43.59
28.50291655560835,46.962083332152986,310.75
28.51124988890835,46.962083332152986,132.31
28.51958322220835,46.962083332152986,44.71
28.527916555508348,46.962083332152986,38.12
28.53624988880835,46.962083332152986,36.9
28.54458322210835,46.962083332152986,36.13
28.55291655540835,46.962083332152986,38.08
28.56124988870835,46.962083332152986,44.25
28.56958322200835,46.962083332152986,52.44
28.57791655530835,46.962083332152986,95.98
28.58624988860835,46.962083332152986,173.22
28.59458322190835,46.962083332152986,244.06
28.60291655520835,46.962083332152986,262.02
28.61124988850835,46.962083332152986,194.31
28.619583221808348,46.962083332152986,87.91
28.62791655510835,46.962083332152986,44.69
28.63624988840835,46.962083332152986,40.42
28.64458322170835,46.962083332152986,40.43
28.65291655500835,46.962083332152986,41.55
28.66124988830835,46.962083332152986,43.58
28.66958322160835,46.962083332152986,45.61
28.677916554908354,46.962083332152986,48.93
28.68624988820835,46.962083332152986,56.42
28.69458322150835,46.962083332152986,161.22
28.70291655480835,46.962083332152986,276.83
28.711249888108348,46.962083332152986,349.89
28.71958322140835,46.962083332152986,175.64
28.72791655470835,46.962083332152986,98.25
28.73624988800835,46.962083332152986,152.17
28.744583221308346,46.962083332152986,385.52
28.752916554608348,46.962083332152986,499.07
28.76124988790835,46.962083332152986,501.57
28.769583221208354,46.962083332152986,516.56
28.77791655450835,46.962083332152986,335.67
28.78624988780835,46.962083332152986,198.39
28.79458322110835,46.962083332152986,94.74
28.80291655440835,46.962083332152986,81.87
28.81124988770835,46.962083332152986,172.72
28.81958322100835,46.962083332152986,901.98
28.82791655430835,46.962083332152986,1817.39
28.83624988760835,46.962083332152986,2016.14
28.844583220908348,46.962083332152986,1653.66
28.85291655420835,46.962083332152986,1212.89
28.86124988750835,46.962083332152986,1816.66
28.86958322080835,46.962083332152986,1597.85
28.87791655410835,46.962083332152986,1349.71
28.88624988740835,46.962083332152986,1784.98
28.89458322070835,46.962083332152986,1604.32
28.90291655400835,46.962083332152986,1120.4
28.91124988730835,46.962083332152986,1295.12
28.91958322060835,46.962083332152986,1995.38
28.92791655390835,46.962083332152986,2028.06
28.936249887208348,46.962083332152986,2066.3
28.94458322050835,46.962083332152986,1677.38
28.95291655380835,46.962083332152986,586.48
28.961249887108348,46.962083332152986,178.25
28.96958322040835,46.962083332152986,164.87
28.97791655370835,46.962083332152986,60.41
28.98624988700835,46.962083332152986,44.37
28.994583220308346,46.962083332152986,33.33
28.50291655560835,46.95374999885298,331.26
28.51124988890835,46.95374999885298,209.81
28.51958322220835,46.95374999885298,53.27
28.527916555508348,46.95374999885298,41.36
28.53624988880835,46.95374999885298,37.53
28.54458322210835,46.95374999885298,35.68
28.55291655540835,46.95374999885298,35.7
28.56124988870835,46.95374999885298,35.87
28.56958322200835,46.95374999885298,34.38
28.57791655530835,46.95374999885298,38.41
28.58624988860835,46.95374999885298,57.53
28.59458322190835,46.95374999885298,176.53
28.60291655520835,46.95374999885298,249.96
28.61124988850835,46.95374999885298,253.12
28.619583221808348,46.95374999885298,134.42
28.62791655510835,46.95374999885298,60.63
28.63624988840835,46.95374999885298,54.11
28.64458322170835,46.95374999885298,49.97
28.65291655500835,46.95374999885298,41.05
28.66124988830835,46.95374999885298,38.1
28.66958322160835,46.95374999885298,42.0
28.677916554908354,46.95374999885298,47.46
28.68624988820835,46.95374999885298,121.58
28.69458322150835,46.95374999885298,268.16
28.70291655480835,46.95374999885298,280.71
28.711249888108348,46.95374999885298,320.72
28.71958322140835,46.95374999885298,368.04
28.72791655470835,46.95374999885298,305.0
28.73624988800835,46.95374999885298,202.82
28.744583221308346,46.95374999885298,297.68
28.752916554608348,46.95374999885298,413.11
28.76124988790835,46.95374999885298,525.04
28.769583221208354,46.95374999885298,521.67
28.77791655450835,46.95374999885298,478.51
28.78624988780835,46.95374999885298,314.18
28.79458322110835,46.95374999885298,208.93
28.80291655440835,46.95374999885298,68.46
28.81124988770835,46.95374999885298,102.27
28.81958322100835,46.95374999885298,340.83
28.82791655430835,46.95374999885298,588.63
28.83624988760835,46.95374999885298,1655.17
28.844583220908348,46.95374999885298,1345.4
28.85291655420835,46.95374999885298,812.24
28.86124988750835,46.95374999885298,1367.12
28.86958322080835,46.95374999885298,1218.64
28.87791655410835,46.95374999885298,1340.53
28.88624988740835,46.95374999885298,1138.35
28.89458322070835,46.95374999885298,884.82
28.90291655400835,46.95374999885298,1003.49
28.91124988730835,46.95374999885298,1452.63
28.91958322060835,46.95374999885298,2040.69
28.92791655390835,46.95374999885298,2192.44
28.936249887208348,46.95374999885298,2127.47
28.94458322050835,46.95374999885298,1844.25
28.95291655380835,46.95374999885298,1163.04
28.961249887108348,46.95374999885298,562.53
28.96958322040835,46.95374999885298,511.01
28.97791655370835,46.95374999885298,143.01
28.98624988700835,46.95374999885298,95.56
28.994583220308346,46.95374999885298,38.57
28.50291655560835,46.945416665552976,264.72
28.51124988890835,46.945416665552976,120.5
28.51958322220835,46.945416665552976,53.55
28.527916555508348,46.945416665552976,46.47
28.53624988880835,46.945416665552976,38.67
28.54458322210835,46.945416665552976,34.94
28.55291655540835,46.945416665552976,35.74
28.56124988870835,46.945416665552976,35.27
28.56958322200835,46.945416665552976,34.02
28.57791655530835,46.945416665552976,34.85
28.58624988860835,46.945416665552976,39.6
28.59458322190835,46.945416665552976,49.18
28.60291655520835,46.945416665552976,97.91
28.61124988850835,46.945416665552976,139.56
28.619583221808348,46.945416665552976,99.62
28.62791655510835,46.945416665552976,122.41
28.63624988840835,46.945416665552976,144.11
28.64458322170835,46.945416665552976,127.32
28.65291655500835,46.945416665552976,82.23
28.66124988830835,46.945416665552976,50.5
28.66958322160835,46.945416665552976,43.93
28.677916554908354,46.945416665552976,47.93
28.68624988820835,46.945416665552976,78.68
28.69458322150835,46.945416665552976,197.96
28.70291655480835,46.945416665552976,258.82
28.711249888108348,46.945416665552976,331.73
28.71958322140835,46.945416665552976,431.43
28.72791655470835,46.945416665552976,403.76
28.73624988800835,46.945416665552976,221.42
28.744583221308346,46.945416665552976,117.16
28.752916554608348,46.945416665552976,182.48
28.76124988790835,46.945416665552976,369.92
28.769583221208354,46.945416665552976,532.87
28.77791655450835,46.945416665552976,531.5
28.78624988780835,46.945416665552976,478.58
28.79458322110835,46.945416665552976,330.05
28.80291655440835,46.945416665552976,120.32
28.81124988770835,46.945416665552976,105.33
28.81958322100835,46.945416665552976,215.82
28.82791655430835,46.945416665552976,384.27
28.83624988760835,46.945416665552976,565.69
28.844583220908348,46.945416665552976,921.68
28.85291655420835,46.945416665552976,381.29
28.86124988750835,46.945416665552976,776.89
28.86958322080835,46.945416665552976,797.19
28.87791655410835,46.945416665552976,835.23
28.88624988740835,46.945416665552976,783.22
28.89458322070835,46.945416665552976,621.02
28.90291655400835,46.945416665552976,472.27
28.91124988730835,46.945416665552976,974.62
28.91958322060835,46.945416665552976,1754.72
28.92791655390835,46.945416665552976,2004.38
28.936249887208348,46.945416665552976,2162.6
28.94458322050835,46.945416665552976,2212.35
28.95291655380835,46.945416665552976,1895.43
28.961249887108348,46.945416665552976,1554.68
28.96958322040835,46.945416665552976,1360.51
28.97791655370835,46.945416665552976,231.23
28.98624988700835,46.945416665552976,185.04
28.994583220308346,46.945416665552976,152.57
28.50291655560835,46.937083332252975,71.88
28.51124988890835,46.937083332252975,68.98
28.51958322220835,46.937083332252975,62.55
28.527916555508348,46.937083332252975,53.72
28.53624988880835,46.937083332252975,44.11
28.54458322210835,46.937083332252975,36.65
28.55291655540835,46.937083332252975,35.79
28.56124988870835,46.937083332252975,35.34
28.56958322200835,46.937083332252975,35.26
28.57791655530835,46.937083332252975,35.84
28.58624988860835,46.937083332252975,37.73
28.59458322190835,46.937083332252975,41.08
28.60291655520835,46.937083332252975,46.38
28.61124988850835,46.937083332252975,51.41
28.619583221808348,46.937083332252975,89.21
28.62791655510835,46.937083332252975,261.25
28.63624988840835,46.937083332252975,359.42
28.64458322170835,46.937083332252975,346.44
28.65291655500835,46.937083332252975,300.0
28.66124988830835,46.937083332252975,235.88
28.66958322160835,46.937083332252975,150.94
28.677916554908354,46.937083332252975,102.0
28.68624988820835,46.937083332252975,74.34
28.69458322150835,46.937083332252975,150.29
28.70291655480835,46.937083332252975,221.54
28.711249888108348,46.937083332252975,271.42
28.71958322140835,46.937083332252975,351.52
28.72791655470835,46.937083332252975,342.86
28.73624988800835,46.937083332252975,136.71
28.744583221308346,46.937083332252975,69.2
28.752916554608348,46.937083332252975,143.49
28.76124988790835,46.937083332252975,277.17
28.769583221208354,46.937083332252975,393.23
28.77791655450835,46.937083332252975,498.77
28.78624988780835,46.937083332252975,524.44
28.79458322110835,46.937083332252975,453.63
28.80291655440835,46.937083332252975,258.65
28.81124988770835,46.937083332252975,298.44
28.81958322100835,46.937083332252975,326.11
28.82791655430835,46.937083332252975,266.45
28.83624988760835,46.937083332252975,220.36
28.844583220908348,46.937083332252975,204.83
28.85291655420835,46.937083332252975,329.34
28.86124988750835,46.937083332252975,714.8
28.86958322080835,46.937083332252975,696.12
28.87791655410835,46.937083332252975,439.02
28.88624988740835,46.937083332252975,410.19
28.89458322070835,46.937083332252975,735.78
28.90291655400835,46.937083332252975,672.03
28.91124988730835,46.937083332252975,951.88
28.91958322060835,46.937083332252975,1687.78
28.92791655390835,46.937083332252975,1853.72
28.936249887208348,46.937083332252975,1982.54
28.94458322050835,46.937083332252975,2044.84
28.95291655380835,46.937083332252975,2175.58
28.961249887108348,46.937083332252975,2013.38
28.96958322040835,46.937083332252975,1456.47
28.97791655370835,46.937083332252975,1124.69
28.98624988700835,46.937083332252975,686.32
28.994583220308346,46.937083332252975,368.91
28.50291655560835,46.92874999895297,47.22
28.51124988890835,46.92874999895297,62.94
28.51958322220835,46.92874999895297,66.59
28.527916555508348,46.92874999895297,63.5
28.53624988880835,46.92874999895297,49.55
28.54458322210835,46.92874999895297,38.53
28.55291655540835,46.92874999895297,36.72
28.56124988870835,46.92874999895297,35.95
28.56958322200835,46.92874999895297,35.8
28.57791655530835,46.92874999895297,35.95
28.58624988860835,46.92874999895297,36.5
28.59458322190835,46.92874999895297,37.57
28.60291655520835,46.92874999895297,41.05
28.61124988850835,46.92874999895297,46.39
28.619583221808348,46.92874999895297,131.67
28.62791655510835,46.92874999895297,258.89
28.63624988840835,46.92874999895297,319.35
28.64458322170835,46.92874999895297,344.08
28.65291655500835,46.92874999895297,372.59
28.66124988830835,46.92874999895297,331.84
28.66958322160835,46.92874999895297,288.04
28.677916554908354,46.92874999895297,277.61
28.68624988820835,46.92874999895297,169.26
28.69458322150835,46.92874999895297,216.13
28.70291655480835,46.92874999895297,186.15
28.711249888108348,46.92874999895297,93.48
28.71958322140835,46.92874999895297,144.06
28.72791655470835,46.92874999895297,143.87
28.73624988800835,46.92874999895297,64.08
28.744583221308346,46.92874999895297,60.15
28.752916554608348,46.92874999895297,76.22
28.76124988790835,46.92874999895297,123.35
28.769583221208354,46.92874999895297,283.52
28.77791655450835,46.92874999895297,398.11
28.78624988780835,46.92874999895297,440.94
28.79458322110835,46.92874999895297,361.98
28.80291655440835,46.92874999895297,358.03
28.81124988770835,46.92874999895297,366.77
28.81958322100835,46.92874999895297,380.2
28.82791655430835,46.92874999895297,257.19
28.83624988760835,46.92874999895297,143.52
28.844583220908348,46.92874999895297,144.17
28.85291655420835,46.92874999895297,404.43
28.86124988750835,46.92874999895297,738.05
28.86958322080835,46.92874999895297,875.55
28.87791655410835,46.92874999895297,748.15
28.88624988740835,46.92874999895297,929.95
28.89458322070835,46.92874999895297,1119.58
28.90291655400835,46.92874999895297,941.91
28.91124988730835,46.92874999895297,919.44
28.91958322060835,46.92874999895297,1181.65
28.92791655390835,46.92874999895297,1212.81
28.936249887208348,46.92874999895297,1457.68
28.94458322050835,46.92874999895297,1613.79
28.95291655380835,46.92874999895297,1726.1
28.961249887108348,46.92874999895297,2111.99
28.96958322040835,46.92874999895297,2052.2
28.97791655370835,46.92874999895297,1593.1
28.98624988700835,46.92874999895297,1649.4
28.994583220308346,46.92874999895297,1927.14
28.50291655560835,46.92041666565298,41.12
28.51124988890835,46.92041666565298,50.88
28.51958322220835,46.92041666565298,72.63
28.527916555508348,46.92041666565298,99.1
28.53624988880835,46.92041666565298,159.59
28.54458322210835,46.92041666565298,121.19
28.55291655540835,46.92041666565298,61.52
28.56124988870835,46.92041666565298,36.74
28.56958322200835,46.92041666565298,35.81
28.57791655530835,46.92041666565298,35.42
28.58624988860835,46.92041666565298,36.02
28.59458322190835,46.92041666565298,37.28
28.60291655520835,46.92041666565298,42.39
28.61124988850835,46.92041666565298,74.06
28.619583221808348,46.92041666565298,179.11
28.62791655510835,46.92041666565298,234.43
28.63624988840835,46.92041666565298,157.65
28.64458322170835,46.92041666565298,200.04
28.65291655500835,46.92041666565298,261.06
28.66124988830835,46.92041666565298,227.97
28.66958322160835,46.92041666565298,260.48
28.677916554908354,46.92041666565298,209.25
28.68624988820835,46.92041666565298,264.8
28.69458322150835,46.92041666565298,328.4
28.70291655480835,46.92041666565298,258.99
28.711249888108348,46.92041666565298,84.23
28.71958322140835,46.92041666565298,48.34
28.72791655470835,46.92041666565298,44.05
28.73624988800835,46.92041666565298,43.66
28.744583221308346,46.92041666565298,43.09
28.752916554608348,46.92041666565298,55.4
28.76124988790835,46.92041666565298,78.86
28.769583221208354,46.92041666565298,164.9
28.77791655450835,46.92041666565298,323.98
28.78624988780835,46.92041666565298,298.7
28.79458322110835,46.92041666565298,168.39
28.80291655440835,46.92041666565298,315.85
28.81124988770835,46.92041666565298,361.29
28.81958322100835,46.92041666565298,303.85
28.82791655430835,46.92041666565298,331.22
28.83624988760835,46.92041666565298,383.23
28.844583220908348,46.92041666565298,637.72
28.85291655420835,46.92041666565298,940.13
28.86124988750835,46.92041666565298,1320.94
28.86958322080835,46.92041666565298,1885.73
28.87791655410835,46.92041666565298,1880.83
28.88624988740835,46.92041666565298,1773.26
28.89458322070835,46.92041666565298,1724.34
28.90291655400835,46.92041666565298,1560.29
28.91124988730835,46.92041666565298,921.19
28.91958322060835,46.92041666565298,412.0
28.92791655390835,46.92041666565298,313.94
28.936249887208348,46.92041666565298,500.75
28.94458322050835,46.92041666565298,747.58
28.95291655380835,46.92041666565298,1561.3
28.961249887108348,46.92041666565298,2087.91
28.96958322040835,46.92041666565298,2166.89
28.97791655370835,46.92041666565298,2273.03
28.98624988700835,46.92041666565298,2067.47
28.994583220308346,46.92041666565298,1753.94
28.50291655560835,46.912083332352985,37.44
28.51124988890835,46.912083332352985,42.13
28.51958322220835,46.912083332352985,116.77
28.527916555508348,46.912083332352985,182.92
28.53624988880835,46.912083332352985,217.31
28.54458322210835,46.912083332352985,204.26
28.55291655540835,46.912083332352985,140.57
28.56124988870835,46.912083332352985,47.39
28.56958322200835,46.912083332352985,35.44
28.57791655530835,46.912083332352985,35.24
28.58624988860835,46.912083332352985,35.44
28.59458322190835,46.912083332352985,36.43
28.60291655520835,46.912083332352985,41.26
28.61124988850835,46.912083332352985,51.21
28.619583221808348,46.912083332352985,104.47
28.62791655510835,46.912083332352985,101.09
28.63624988840835,46.912083332352985,52.0
28.64458322170835,46.912083332352985,57.36
28.65291655500835,46.912083332352985,130.26
28.66124988830835,46.912083332352985,187.45
28.66958322160835,46.912083332352985,269.98
28.677916554908354,46.912083332352985,325.74
28.68624988820835,46.912083332352985,398.82
28.69458322150835,46.912083332352985,364.49
28.70291655480835,46.912083332352985,271.03
28.711249888108348,46.912083332352985,172.67
28.71958322140835,46.912083332352985,69.68
28.72791655470835,46.912083332352985,42.65
28.73624988800835,46.912083332352985,40.83
28.744583221308346,46.912083332352985,39.61
28.752916554608348,46.912083332352985,45.65
28.76124988790835,46.912083332352985,73.54
28.769583221208354,46.912083332352985,236.11
28.77791655450835,46.912083332352985,276.4
28.78624988780835,46.912083332352985,190.11
28.79458322110835,46.912083332352985,185.18
28.80291655440835,46.912083332352985,260.51
28.81124988770835,46.912083332352985,274.25
28.81958322100835,46.912083332352985,159.41
28.82791655430835,46.912083332352985,174.68
28.83624988760835,46.912083332352985,344.79
28.844583220908348,46.912083332352985,491.53
28.85291655420835,46.912083332352985,977.32
28.86124988750835,46.912083332352985,2027.27
28.86958322080835,46.912083332352985,1977.0
28.87791655410835,46.912083332352985,2086.67
28.88624988740835,46.912083332352985,2140.94
28.89458322070835,46.912083332352985,2044.15
28.90291655400835,46.912083332352985,1926.57
28.91124988730835,46.912083332352985,1675.73
28.91958322060835,46.912083332352985,1042.44
28.92791655390835,46.912083332352985,598.86
28.936249887208348,46.912083332352985,1002.8
28.94458322050835,46.912083332352985,1262.61
28.95291655380835,46.912083332352985,1766.31
28.961249887108348,46.912083332352985,2104.34
28.96958322040835,46.912083332352985,2168.92
28.97791655370835,46.912083332352985,2127.28
28.98624988700835,46.912083332352985,1833.1
28.994583220308346,46.912083332352985,1324.92
28.50291655560835,46.90374999905298,35.97
28.51124988890835,46.90374999905298,40.48
28.51958322220835,46.90374999905298,53.39
28.527916555508348,46.90374999905298,174.83
28.53624988880835,46.90374999905298,242.02
28.54458322210835,46.90374999905298,241.19
28.55291655540835,46.90374999905298,170.92
28.56124988870835,46.90374999905298,55.8
28.56958322200835,46.90374999905298,34.77
28.57791655530835,46.90374999905298,36.18
28.58624988860835,46.90374999905298,37.48
28.59458322190835,46.90374999905298,41.21
28.60291655520835,46.90374999905298,44.63
28.61124988850835,46.90374999905298,46.23
28.619583221808348,46.90374999905298,43.92
28.62791655510835,46.90374999905298,40.98
28.63624988840835,46.90374999905298,40.67
28.64458322170835,46.90374999905298,96.16
28.65291655500835,46.90374999905298,157.28
28.66124988830835,46.90374999905298,233.26
28.66958322160835,46.90374999905298,312.93
28.677916554908354,46.90374999905298,337.42
28.68624988820835,46.90374999905298,321.74
28.69458322150835,46.90374999905298,304.7
28.70291655480835,46.90374999905298,169.63
28.711249888108348,46.90374999905298,128.94
28.71958322140835,46.90374999905298,71.25
28.72791655470835,46.90374999905298,53.55
28.73624988800835,46.90374999905298,50.0
28.744583221308346,46.90374999905298,46.52
28.752916554608348,46.90374999905298,48.89
28.76124988790835,46.90374999905298,64.48
28.769583221208354,46.90374999905298,143.86
28.77791655450835,46.90374999905298,150.15
28.78624988780835,46.90374999905298,144.06
28.79458322110835,46.90374999905298,181.2
28.80291655440835,46.90374999905298,231.38
28.81124988770835,46.90374999905298,221.15
28.81958322100835,46.90374999905298,88.71
28.82791655430835,46.90374999905298,51.47
28.83624988760835,46.90374999905298,67.55
28.844583220908348,46.90374999905298,130.75
28.85291655420835,46.90374999905298,382.11
28.86124988750835,46.90374999905298,1053.39
28.86958322080835,46.90374999905298,921.99
28.87791655410835,46.90374999905298,1223.97
28.88624988740835,46.90374999905298,1913.13
28.89458322070835,46.90374999905298,1735.9
28.90291655400835,46.90374999905298,1525.17
28.91124988730835,46.90374999905298,1152.51
28.91958322060835,46.90374999905298,729.08
28.92791655390835,46.90374999905298,538.14
28.936249887208348,46.90374999905298,698.72
28.94458322050835,46.90374999905298,1147.67
28.95291655380835,46.90374999905298,1631.69
28.961249887108348,46.90374999905298,1451.85
28.96958322040835,46.90374999905298,1231.68
28.97791655370835,46.90374999905298,1269.87
28.98624988700835,46.90374999905298,1319.94
28.994583220308346,46.90374999905298,889.1
28.50291655560835,46.895416665752975,38.14
28.51124988890835,46.895416665752975,40.85
28.51958322220835,46.895416665752975,45.7
28.527916555508348,46.895416665752975,137.73
28.53624988880835,46.895416665752975,232.79
28.54458322210835,46.895416665752975,251.24
28.55291655540835,46.895416665752975,211.25
28.56124988870835,46.895416665752975,92.91
28.56958322200835,46.895416665752975,40.1
28.57791655530835,46.895416665752975,37.04
28.58624988860835,46.895416665752975,40.17
28.59458322190835,46.895416665752975,48.56
28.60291655520835,46.895416665752975,61.95
28.61124988850835,46.895416665752975,87.06
28.619583221808348,46.895416665752975,96.97
28.62791655510835,46.895416665752975,59.53
28.63624988840835,46.895416665752975,43.62
28.64458322170835,46.895416665752975,59.22
28.65291655500835,46.895416665752975,111.38
28.66124988830835,46.895416665752975,224.44
28.66958322160835,46.895416665752975,283.71
28.677916554908354,46.895416665752975,247.26
28.68624988820835,46.895416665752975,248.71
28.69458322150835,46.895416665752975,205.18
28.70291655480835,46.895416665752975,100.15
28.711249888108348,46.895416665752975,82.13
28.71958322140835,46.895416665752975,94.54
28.72791655470835,46.895416665752975,80.52
28.73624988800835,46.895416665752975,41.82
28.744583221308346,46.895416665752975,58.63
28.752916554608348,46.895416665752975,57.38
28.76124988790835,46.895416665752975,61.47
28.769583221208354,46.895416665752975,62.26
28.77791655450835,46.895416665752975,58.91
28.78624988780835,46.895416665752975,59.09
28.79458322110835,46.895416665752975,120.35
28.80291655440835,46.895416665752975,153.94
28.81124988770835,46.895416665752975,124.26
28.81958322100835,46.895416665752975,52.17
28.82791655430835,46.895416665752975,42.52
28.83624988760835,46.895416665752975,42.48
28.844583220908348,46.895416665752975,49.61
28.85291655420835,46.895416665752975,134.75
28.86124988750835,46.895416665752975,207.53
28.86958322080835,46.895416665752975,170.59
28.87791655410835,46.895416665752975,230.71
28.88624988740835,46.895416665752975,659.99
28.89458322070835,46.895416665752975,839.81
28.90291655400835,46.895416665752975,556.47
28.91124988730835,46.895416665752975,415.25
28.91958322060835,46.895416665752975,216.13
28.92791655390835,46.895416665752975,199.56
28.936249887208348,46.895416665752975,212.89
28.94458322050835,46.895416665752975,357.22
28.95291655380835,46.895416665752975,566.37
28.961249887108348,46.895416665752975,364.39
28.96958322040835,46.895416665752975,358.02
28.97791655370835,46.895416665752975,566.99
28.98624988700835,46.895416665752975,667.7
28.994583220308346,46.895416665752975,753.44
28.50291655560835,46.887083332452974,41.65
28.51124988890835,46.887083332452974,39.2
28.51958322220835,46.887083332452974,42.39
28.527916555508348,46.887083332452974,65.03
28.53624988880835,46.887083332452974,179.95
28.54458322210835,46.887083332452974,217.42
28.55291655540835,46.887083332452974,182.11
28.56124988870835,46.887083332452974,79.88
28.56958322200835,46.887083332452974,46.07
28.57791655530835,46.887083332452974,38.26
28.58624988860835,46.887083332452974,38.66
28.59458322190835,46.887083332452974,47.15
28.60291655520835,46.887083332452974,92.67
28.61124988850835,46.887083332452974,193.59
28.619583221808348,46.887083332452974,221.61
28.62791655510835,46.887083332452974,203.36
28.63624988840835,46.887083332452974,126.98
28.64458322170835,46.887083332452974,63.85
28.65291655500835,46.887083332452974,94.99
28.66124988830835,46.887083332452974,163.23
28.66958322160835,46.887083332452974,239.9
28.677916554908354,46.887083332452974,213.56
28.68624988820835,46.887083332452974,275.07
28.69458322150835,46.887083332452974,281.37
28.70291655480835,46.887083332452974,154.22
28.711249888108348,46.887083332452974,75.09
28.71958322140835,46.887083332452974,85.75
28.72791655470835,46.887083332452974,79.8
28.73624988800835,46.887083332452974,40.82
28.744583221308346,46.887083332452974,14.11
28.752916554608348,46.887083332452974,195.52
28.76124988790835,46.887083332452974,198.1
28.769583221208354,46.887083332452974,147.44
28.77791655450835,46.887083332452974,77.79
28.78624988780835,46.887083332452974,48.44
28.79458322110835,46.887083332452974,46.99
28.80291655440835,46.887083332452974,45.96
28.81124988770835,46.887083332452974,44.02
28.81958322100835,46.887083332452974,41.28
28.82791655430835,46.887083332452974,39.45
28.83624988760835,46.887083332452974,40.53
28.844583220908348,46.887083332452974,43.72
28.85291655420835,46.887083332452974,74.59
28.86124988750835,46.887083332452974,129.79
28.86958322080835,46.887083332452974,124.65
28.87791655410835,46.887083332452974,93.66
28.88624988740835,46.887083332452974,63.9
28.89458322070835,46.887083332452974,61.88
28.90291655400835,46.887083332452974,74.64
28.91124988730835,46.887083332452974,68.93
28.91958322060835,46.887083332452974,74.14
28.92791655390835,46.887083332452974,134.91
28.936249887208348,46.887083332452974,194.19
28.94458322050835,46.887083332452974,208.78
28.95291655380835,46.887083332452974,211.49
28.961249887108348,46.887083332452974,224.66
28.96958322040835,46.887083332452974,295.77
28.97791655370835,46.887083332452974,846.97
28.98624988700835,46.887083332452974,1292.68
28.994583220308346,46.887083332452974,1362.25
28.50291655560835,46.87874999915297,43.27
28.51124988890835,46.87874999915297,41.41
28.51958322220835,46.87874999915297,41.89
28.527916555508348,46.87874999915297,42.24
28.53624988880835,46.87874999915297,56.33
28.54458322210835,46.87874999915297,77.38
28.55291655540835,46.87874999915297,72.48
28.56124988870835,46.87874999915297,59.2
28.56958322200835,46.87874999915297,47.64
28.57791655530835,46.87874999915297,40.19
28.58624988860835,46.87874999915297,39.27
28.59458322190835,46.87874999915297,42.55
28.60291655520835,46.87874999915297,58.0
28.61124988850835,46.87874999915297,128.82
28.619583221808348,46.87874999915297,246.17
28.62791655510835,46.87874999915297,319.53
28.63624988840835,46.87874999915297,297.8
28.64458322170835,46.87874999915297,179.45
28.65291655500835,46.87874999915297,191.8
28.66124988830835,46.87874999915297,178.05
28.66958322160835,46.87874999915297,136.99
28.677916554908354,46.87874999915297,110.49
28.68624988820835,46.87874999915297,114.2
28.69458322150835,46.87874999915297,131.96
28.70291655480835,46.87874999915297,80.22
28.711249888108348,46.87874999915297,50.05
28.71958322140835,46.87874999915297,51.5
28.72791655470835,46.87874999915297,57.12
28.73624988800835,46.87874999915297,93.8
28.744583221308346,46.87874999915297,176.68
28.752916554608348,46.87874999915297,301.15
28.76124988790835,46.87874999915297,447.62
28.769583221208354,46.87874999915297,348.0
28.77791655450835,46.87874999915297,224.42
28.78624988780835,46.87874999915297,95.41
28.79458322110835,46.87874999915297,51.85
28.80291655440835,46.87874999915297,44.53
28.81124988770835,46.87874999915297,40.97
28.81958322100835,46.87874999915297,39.68
28.82791655430835,46.87874999915297,37.86
28.83624988760835,46.87874999915297,38.11
28.844583220908348,46.87874999915297,41.51
28.85291655420835,46.87874999915297,48.85
28.86124988750835,46.87874999915297,104.49
28.86958322080835,46.87874999915297,133.14
28.87791655410835,46.87874999915297,130.17
28.88624988740835,46.87874999915297,102.37
28.89458322070835,46.87874999915297,56.29
28.90291655400835,46.87874999915297,48.68
28.91124988730835,46.87874999915297,48.81
28.91958322060835,46.87874999915297,54.61
28.92791655390835,46.87874999915297,51.11
28.936249887208348,46.87874999915297,61.98
28.94458322050835,46.87874999915297,123.46
28.95291655380835,46.87874999915297,184.38
28.961249887108348,46.87874999915297,240.38
28.96958322040835,46.87874999915297,325.65
28.97791655370835,46.87874999915297,770.2
28.98624988700835,46.87874999915297,1085.38
28.994583220308346,46.87874999915297,975.0
28.50291655560835,46.870416665852986,51.86
28.51124988890835,46.870416665852986,47.47
28.51958322220835,46.870416665852986,45.21
28.527916555508348,46.870416665852986,42.9
28.53624988880835,46.870416665852986,43.12
28.54458322210835,46.870416665852986,58.51
28.55291655540835,46.870416665852986,71.2
28.56124988870835,46.870416665852986,67.31
28.56958322200835,46.870416665852986,58.57
28.57791655530835,46.870416665852986,47.36
28.58624988860835,46.870416665852986,43.32
28.59458322190835,46.870416665852986,40.84
28.60291655520835,46.870416665852986,44.06
28.61124988850835,46.870416665852986,54.39
28.619583221808348,46.870416665852986,101.87
28.62791655510835,46.870416665852986,224.06
28.63624988840835,46.870416665852986,286.7
28.64458322170835,46.870416665852986,233.03
28.65291655500835,46.870416665852986,173.78
28.66124988830835,46.870416665852986,93.64
28.66958322160835,46.870416665852986,62.56
28.677916554908354,46.870416665852986,47.37
28.68624988820835,46.870416665852986,44.35
28.69458322150835,46.870416665852986,44.41
28.70291655480835,46.870416665852986,44.96
28.711249888108348,46.870416665852986,44.25
28.71958322140835,46.870416665852986,49.13
28.72791655470835,46.870416665852986,53.83
28.73624988800835,46.870416665852986,112.25
28.744583221308346,46.870416665852986,314.75
28.752916554608348,46.870416665852986,405.0
28.76124988790835,46.870416665852986,470.56
28.769583221208354,46.870416665852986,479.83
28.77791655450835,46.870416665852986,401.79
28.78624988780835,46.870416665852986,279.95
28.79458322110835,46.870416665852986,154.0
28.80291655440835,46.870416665852986,65.03
28.81124988770835,46.870416665852986,46.47
28.81958322100835,46.870416665852986,46.7
28.82791655430835,46.870416665852986,45.43
28.83624988760835,46.870416665852986,43.38
28.844583220908348,46.870416665852986,41.12
28.85291655420835,46.870416665852986,41.87
28.86124988750835,46.870416665852986,48.89
28.86958322080835,46.870416665852986,82.21
28.87791655410835,46.870416665852986,113.27
28.88624988740835,46.870416665852986,137.54
28.89458322070835,46.870416665852986,117.1
28.90291655400835,46.870416665852986,55.17
28.91124988730835,46.870416665852986,46.69
28.91958322060835,46.870416665852986,51.0
28.92791655390835,46.870416665852986,47.94
28.936249887208348,46.870416665852986,47.41
28.94458322050835,46.870416665852986,56.08
28.95291655380835,46.870416665852986,61.23
28.961249887108348,46.870416665852986,184.24
28.96958322040835,46.870416665852986,378.5
28.97791655370835,46.870416665852986,330.88
28.98624988700835,46.870416665852986,380.24
28.994583220308346,46.870416665852986,275.19
28.50291655560835,46.86208333255298,52.79
28.51124988890835,46.86208333255298,52.44
28.51958322220835,46.86208333255298,51.43
28.527916555508348,46.86208333255298,52.79
28.53624988880835,46.86208333255298,48.03
28.54458322210835,46.86208333255298,44.67
28.55291655540835,46.86208333255298,61.9
28.56124988870835,46.86208333255298,71.28
28.56958322200835,46.86208333255298,73.43
28.57791655530835,46.86208333255298,62.49
28.58624988860835,46.86208333255298,50.56
28.59458322190835,46.86208333255298,44.88
28.60291655520835,46.86208333255298,43.94
28.61124988850835,46.86208333255298,55.75
28.619583221808348,46.86208333255298,90.92
28.62791655510835,46.86208333255298,184.64
28.63624988840835,46.86208333255298,235.87
28.64458322170835,46.86208333255298,158.47
28.65291655500835,46.86208333255298,101.26
28.66124988830835,46.86208333255298,72.41
28.66958322160835,46.86208333255298,58.91
28.677916554908354,46.86208333255298,45.36
28.68624988820835,46.86208333255298,40.25
28.69458322150835,46.86208333255298,38.34
28.70291655480835,46.86208333255298,38.56
28.711249888108348,46.86208333255298,40.21
28.71958322140835,46.86208333255298,42.2
28.72791655470835,46.86208333255298,49.34
28.73624988800835,46.86208333255298,102.46
28.744583221308346,46.86208333255298,262.61
28.752916554608348,46.86208333255298,365.71
28.76124988790835,46.86208333255298,378.45
28.769583221208354,46.86208333255298,454.04
28.77791655450835,46.86208333255298,526.1
28.78624988780835,46.86208333255298,461.81
28.79458322110835,46.86208333255298,211.0
28.80291655440835,46.86208333255298,145.88
28.81124988770835,46.86208333255298,101.84
28.81958322100835,46.86208333255298,60.89
28.82791655430835,46.86208333255298,55.1
28.83624988760835,46.86208333255298,71.68
28.844583220908348,46.86208333255298,77.06
28.85291655420835,46.86208333255298,47.61
28.86124988750835,46.86208333255298,45.82
28.86958322080835,46.86208333255298,53.03
28.87791655410835,46.86208333255298,56.32
28.88624988740835,46.86208333255298,110.7
28.89458322070835,46.86208333255298,143.11
28.90291655400835,46.86208333255298,94.49
28.91124988730835,46.86208333255298,44.93
28.91958322060835,46.86208333255298,47.55
28.92791655390835,46.86208333255298,44.76
28.936249887208348,46.86208333255298,44.78
28.94458322050835,46.86208333255298,45.96
28.95291655380835,46.86208333255298,46.41
28.961249887108348,46.86208333255298,93.55
28.96958322040835,46.86208333255298,157.18
28.97791655370835,46.86208333255298,199.98
28.98624988700835,46.86208333255298,290.5
28.994583220308346,46.86208333255298,301.57
28.50291655560835,46.853749999252976,44.42
28.51124988890835,46.853749999252976,45.67
28.51958322220835,46.853749999252976,51.63
28.527916555508348,46.853749999252976,54.24
28.53624988880835,46.853749999252976,86.48
28.54458322210835,46.853749999252976,87.17
28.55291655540835,46.853749999252976,55.94
28.56124988870835,46.853749999252976,90.19
28.56958322200835,46.853749999252976,116.17
28.57791655530835,46.853749999252976,109.7
28.58624988860835,46.853749999252976,92.02
28.59458322190835,46.853749999252976,64.61
28.60291655520835,46.853749999252976,59.58
28.61124988850835,46.853749999252976,122.23
28.619583221808348,46.853749999252976,167.8
28.62791655510835,46.853749999252976,166.06
28.63624988840835,46.853749999252976,153.66
28.64458322170835,46.853749999252976,105.91
28.65291655500835,46.853749999252976,115.45
28.66124988830835,46.853749999252976,86.29
28.66958322160835,46.853749999252976,52.65
28.677916554908354,46.853749999252976,50.92
28.68624988820835,46.853749999252976,42.14
28.69458322150835,46.853749999252976,39.7
28.70291655480835,46.853749999252976,38.35
28.711249888108348,46.853749999252976,39.02
28.71958322140835,46.853749999252976,38.8
28.72791655470835,46.853749999252976,45.56
28.73624988800835,46.853749999252976,57.12
28.744583221308346,46.853749999252976,121.03
28.752916554608348,46.853749999252976,240.22
28.76124988790835,46.853749999252976,317.9
28.769583221208354,46.853749999252976,317.44
28.77791655450835,46.853749999252976,289.63
28.78624988780835,46.853749999252976,282.71
28.79458322110835,46.853749999252976,235.35
28.80291655440835,46.853749999252976,169.07
28.81124988770835,46.853749999252976,138.1
28.81958322100835,46.853749999252976,73.04
28.82791655430835,46.853749999252976,69.85
28.83624988760835,46.853749999252976,116.96
28.844583220908348,46.853749999252976,141.26
28.85291655420835,46.853749999252976,87.6
28.86124988750835,46.853749999252976,52.71
28.86958322080835,46.853749999252976,50.06
28.87791655410835,46.853749999252976,53.69
28.88624988740835,46.853749999252976,83.76
28.89458322070835,46.853749999252976,151.61
28.90291655400835,46.853749999252976,114.68
28.91124988730835,46.853749999252976,46.04
28.91958322060835,46.853749999252976,41.93
28.92791655390835,46.853749999252976,40.12
28.936249887208348,46.853749999252976,44.76
28.94458322050835,46.853749999252976,60.68
28.95291655380835,46.853749999252976,87.24
28.961249887108348,46.853749999252976,66.24
28.96958322040835,46.853749999252976,53.34
28.97791655370835,46.853749999252976,54.98
28.98624988700835,46.853749999252976,126.24
28.994583220308346,46.853749999252976,239.36
28.50291655560835,46.845416665952975,38.92
28.51124988890835,46.845416665952975,40.56
28.51958322220835,46.845416665952975,43.31
28.527916555508348,46.845416665952975,52.78
28.53624988880835,46.845416665952975,103.88
28.54458322210835,46.845416665952975,118.1
28.55291655540835,46.845416665952975,110.69
28.56124988870835,46.845416665952975,212.52
28.56958322200835,46.845416665952975,300.73
28.57791655530835,46.845416665952975,318.76
28.58624988860835,46.845416665952975,318.16
28.59458322190835,46.845416665952975,153.0
28.60291655520835,46.845416665952975,108.52
28.61124988850835,46.845416665952975,177.57
28.619583221808348,46.845416665952975,162.68
28.62791655510835,46.845416665952975,83.18
28.63624988840835,46.845416665952975,62.04
28.64458322170835,46.845416665952975,72.41
28.65291655500835,46.845416665952975,139.71
28.66124988830835,46.845416665952975,135.67
28.66958322160835,46.845416665952975,97.51
28.677916554908354,46.845416665952975,140.52
28.68624988820835,46.845416665952975,77.32
28.69458322150835,46.845416665952975,45.31
28.70291655480835,46.845416665952975,42.22
28.711249888108348,46.845416665952975,39.36
28.71958322140835,46.845416665952975,41.17
28.72791655470835,46.845416665952975,46.0
28.73624988800835,46.845416665952975,62.96
28.744583221308346,46.845416665952975,106.89
28.752916554608348,46.845416665952975,125.85
28.76124988790835,46.845416665952975,177.92
28.769583221208354,46.845416665952975,129.41
28.77791655450835,46.845416665952975,64.72
28.78624988780835,46.845416665952975,102.13
28.79458322110835,46.845416665952975,105.71
28.80291655440835,46.845416665952975,63.94
28.81124988770835,46.845416665952975,69.22
28.81958322100835,46.845416665952975,79.2
28.82791655430835,46.845416665952975,211.89
28.83624988760835,46.845416665952975,316.22
28.844583220908348,46.845416665952975,319.37
28.85291655420835,46.845416665952975,286.77
28.86124988750835,46.845416665952975,141.42
28.86958322080835,46.845416665952975,68.44
28.87791655410835,46.845416665952975,54.82
28.88624988740835,46.845416665952975,63.2
28.89458322070835,46.845416665952975,143.86
28.90291655400835,46.845416665952975,144.36
28.91124988730835,46.845416665952975,64.78
28.91958322060835,46.845416665952975,44.05
28.92791655390835,46.845416665952975,42.79
28.936249887208348,46.845416665952975,51.86
28.94458322050835,46.845416665952975,149.17
28.95291655380835,46.845416665952975,255.59
28.961249887108348,46.845416665952975,163.54
28.96958322040835,46.845416665952975,85.58
28.97791655370835,46.845416665952975,138.4
28.98624988700835,46.845416665952975,116.51
28.994583220308346,46.845416665952975,67.72
28.50291655560835,46.83708333265297,36.0
28.51124988890835,46.83708333265297,37.98
28.51958322220835,46.83708333265297,40.45
28.527916555508348,46.83708333265297,43.25
28.53624988880835,46.83708333265297,43.95
28.54458322210835,46.83708333265297,67.77
28.55291655540835,46.83708333265297,172.11
28.56124988870835,46.83708333265297,235.93
28.56958322200835,46.83708333265297,316.5
28.57791655530835,46.83708333265297,385.48
28.58624988860835,46.83708333265297,413.45
28.59458322190835,46.83708333265297,400.27
28.60291655520835,46.83708333265297,340.07
28.61124988850835,46.83708333265297,291.4
28.619583221808348,46.83708333265297,184.8
28.62791655510835,46.83708333265297,69.85
28.63624988840835,46.83708333265297,55.19
28.64458322170835,46.83708333265297,42.85
28.65291655500835,46.83708333265297,70.36
28.66124988830835,46.83708333265297,160.35
28.66958322160835,46.83708333265297,255.83
28.677916554908354,46.83708333265297,270.34
28.68624988820835,46.83708333265297,200.67
28.69458322150835,46.83708333265297,79.89
28.70291655480835,46.83708333265297,44.72
28.711249888108348,46.83708333265297,43.18
28.71958322140835,46.83708333265297,43.41
28.72791655470835,46.83708333265297,57.11
28.73624988800835,46.83708333265297,168.72
28.744583221308346,46.83708333265297,339.56
28.752916554608348,46.83708333265297,326.27
28.76124988790835,46.83708333265297,235.44
28.769583221208354,46.83708333265297,102.14
28.77791655450835,46.83708333265297,63.95
28.78624988780835,46.83708333265297,47.72
28.79458322110835,46.83708333265297,41.17
28.80291655440835,46.83708333265297,46.85
28.81124988770835,46.83708333265297,59.75
28.81958322100835,46.83708333265297,104.99
28.82791655430835,46.83708333265297,267.18
28.83624988760835,46.83708333265297,400.4
28.844583220908348,46.83708333265297,410.75
28.85291655420835,46.83708333265297,386.47
28.86124988750835,46.83708333265297,344.03
28.86958322080835,46.83708333265297,277.53
28.87791655410835,46.83708333265297,95.74
28.88624988740835,46.83708333265297,56.69
28.89458322070835,46.83708333265297,122.26
28.90291655400835,46.83708333265297,171.44
28.91124988730835,46.83708333265297,119.27
28.91958322060835,46.83708333265297,47.89
28.92791655390835,46.83708333265297,42.92
28.936249887208348,46.83708333265297,55.12
28.94458322050835,46.83708333265297,151.25
28.95291655380835,46.83708333265297,301.89
28.961249887108348,46.83708333265297,265.19
28.96958322040835,46.83708333265297,312.21
28.97791655370835,46.83708333265297,368.35
28.98624988700835,46.83708333265297,268.8
28.994583220308346,46.83708333265297,68.05
28.50291655560835,46.82874999935298,37.4
28.51124988890835,46.82874999935298,37.38
28.51958322220835,46.82874999935298,38.35
28.527916555508348,46.82874999935298,38.56
28.53624988880835,46.82874999935298,40.75
28.54458322210835,46.82874999935298,49.44
28.55291655540835,46.82874999935298,88.73
28.56124988870835,46.82874999935298,231.6
28.56958322200835,46.82874999935298,275.99
28.57791655530835,46.82874999935298,330.09
28.58624988860835,46.82874999935298,448.04
28.59458322190835,46.82874999935298,511.87
28.60291655520835,46.82874999935298,492.44
28.61124988850835,46.82874999935298,438.94
28.619583221808348,46.82874999935298,271.9
28.62791655510835,46.82874999935298,142.4
28.63624988840835,46.82874999935298,49.6
28.64458322170835,46.82874999935298,43.35
28.65291655500835,46.82874999935298,156.84
28.66124988830835,46.82874999935298,272.93
28.66958322160835,46.82874999935298,282.31
28.677916554908354,46.82874999935298,286.57
28.68624988820835,46.82874999935298,246.54
28.69458322150835,46.82874999935298,122.3
28.70291655480835,46.82874999935298,54.91
28.711249888108348,46.82874999935298,48.72
28.71958322140835,46.82874999935298,46.48
28.72791655470835,46.82874999935298,52.73
28.73624988800835,46.82874999935298,112.14
28.744583221308346,46.82874999935298,249.74
28.752916554608348,46.82874999935298,314.05
28.76124988790835,46.82874999935298,300.04
28.769583221208354,46.82874999935298,178.72
28.77791655450835,46.82874999935298,83.33
28.78624988780835,46.82874999935298,50.55
28.79458322110835,46.82874999935298,37.34
28.80291655440835,46.82874999935298,37.94
28.81124988770835,46.82874999935298,60.82
28.81958322100835,46.82874999935298,114.0
28.82791655430835,46.82874999935298,147.84
28.83624988760835,46.82874999935298,329.45
28.844583220908348,46.82874999935298,403.67
28.85291655420835,46.82874999935298,377.55
28.86124988750835,46.82874999935298,405.61
28.86958322080835,46.82874999935298,348.5
28.87791655410835,46.82874999935298,263.26
28.88624988740835,46.82874999935298,204.97
28.89458322070835,46.82874999935298,183.3
28.90291655400835,46.82874999935298,329.46
28.91124988730835,46.82874999935298,258.01
28.91958322060835,46.82874999935298,97.02
28.92791655390835,46.82874999935298,47.62
28.936249887208348,46.82874999935298,45.98
28.94458322050835,46.82874999935298,77.18
28.95291655380835,46.82874999935298,214.43
28.961249887108348,46.82874999935298,358.55
28.96958322040835,46.82874999935298,375.89
28.97791655370835,46.82874999935298,378.82
28.98624988700835,46.82874999935298,246.59
28.994583220308346,46.82874999935298,70.4
28.50291655560835,46.820416666052985,43.37
28.51124988890835,46.820416666052985,43.63
28.51958322220835,46.820416666052985,43.18
28.527916555508348,46.820416666052985,45.96
28.53624988880835,46.820416666052985,46.29
28.54458322210835,46.820416666052985,51.71
28.55291655540835,46.820416666052985,135.05
28.56124988870835,46.820416666052985,222.89
28.56958322200835,46.820416666052985,262.12
28.57791655530835,46.820416666052985,272.61
28.58624988860835,46.820416666052985,344.22
28.59458322190835,46.820416666052985,426.91
28.60291655520835,46.820416666052985,452.84
28.61124988850835,46.820416666052985,387.94
28.619583221808348,46.820416666052985,316.38
28.62791655510835,46.820416666052985,212.06
28.63624988840835,46.820416666052985,54.35
28.64458322170835,46.820416666052985,40.19
28.65291655500835,46.820416666052985,90.54
28.66124988830835,46.820416666052985,147.04
28.66958322160835,46.820416666052985,244.17
28.677916554908354,46.820416666052985,290.91
28.68624988820835,46.820416666052985,196.11
28.69458322150835,46.820416666052985,79.48
28.70291655480835,46.820416666052985,56.37
28.711249888108348,46.820416666052985,55.06
28.71958322140835,46.820416666052985,55.28
28.72791655470835,46.820416666052985,45.49
28.73624988800835,46.820416666052985,50.72
28.744583221308346,46.820416666052985,70.99
28.752916554608348,46.820416666052985,110.56
28.76124988790835,46.820416666052985,201.74
28.769583221208354,46.820416666052985,190.25
28.77791655450835,46.820416666052985,96.52
28.78624988780835,46.820416666052985,48.83
28.79458322110835,46.820416666052985,38.74
28.80291655440835,46.820416666052985,37.01
28.81124988770835,46.820416666052985,37.91
28.81958322100835,46.820416666052985,42.26
28.82791655430835,46.820416666052985,54.2
28.83624988760835,46.820416666052985,113.6
28.844583220908348,46.820416666052985,189.69
28.85291655420835,46.820416666052985,158.86
28.86124988750835,46.820416666052985,268.21
28.86958322080835,46.820416666052985,282.68
28.87791655410835,46.820416666052985,313.47
28.88624988740835,46.820416666052985,399.75
28.89458322070835,46.820416666052985,378.93
28.90291655400835,46.820416666052985,319.97
28.91124988730835,46.820416666052985,276.78
28.91958322060835,46.820416666052985,117.37
28.92791655390835,46.820416666052985,64.85
28.936249887208348,46.820416666052985,51.57
28.94458322050835,46.820416666052985,76.69
28.95291655380835,46.820416666052985,189.13
28.961249887108348,46.820416666052985,312.56
28.96958322040835,46.820416666052985,376.45
28.97791655370835,46.820416666052985,353.17
28.98624988700835,46.820416666052985,139.81
28.994583220308346,46.820416666052985,55.24
28.50291655560835,46.81208333275298,141.96
28.51124988890835,46.81208333275298,86.92
28.51958322220835,46.81208333275298,81.79
28.527916555508348,46.81208333275298,143.62
28.53624988880835,46.81208333275298,142.02
28.54458322210835,46.81208333275298,118.97
28.55291655540835,46.81208333275298,149.11
28.56124988870835,46.81208333275298,150.31
28.56958322200835,46.81208333275298,125.04
28.57791655530835,46.81208333275298,148.21
28.58624988860835,46.81208333275298,199.82
28.59458322190835,46.81208333275298,262.76
28.60291655520835,46.81208333275298,333.04
28.61124988850835,46.81208333275298,313.37
28.619583221808348,46.81208333275298,231.11
28.62791655510835,46.81208333275298,123.98
28.63624988840835,46.81208333275298,43.91
28.64458322170835,46.81208333275298,35.87
28.65291655500835,46.81208333275298,41.29
28.66124988830835,46.81208333275298,54.25
28.66958322160835,46.81208333275298,144.75
28.677916554908354,46.81208333275298,244.78
28.68624988820835,46.81208333275298,173.46
28.69458322150835,46.81208333275298,59.79
28.70291655480835,46.81208333275298,49.79
28.711249888108348,46.81208333275298,53.59
28.71958322140835,46.81208333275298,52.98
28.72791655470835,46.81208333275298,49.43
28.73624988800835,46.81208333275298,44.18
28.744583221308346,46.81208333275298,42.41
28.752916554608348,46.81208333275298,49.65
28.76124988790835,46.81208333275298,68.32
28.769583221208354,46.81208333275298,68.65
28.77791655450835,46.81208333275298,61.06
28.78624988780835,46.81208333275298,50.19
28.79458322110835,46.81208333275298,43.98
28.80291655440835,46.81208333275298,37.47
28.81124988770835,46.81208333275298,36.02
28.81958322100835,46.81208333275298,37.32
28.82791655430835,46.81208333275298,39.42
28.83624988760835,46.81208333275298,42.64
28.844583220908348,46.81208333275298,43.79
28.85291655420835,46.81208333275298,46.5
28.86124988750835,46.81208333275298,54.97
28.86958322080835,46.81208333275298,65.49
28.87791655410835,46.81208333275298,101.86
28.88624988740835,46.81208333275298,203.01
28.89458322070835,46.81208333275298,221.2
28.90291655400835,46.81208333275298,262.11
28.91124988730835,46.81208333275298,244.78
28.91958322060835,46.81208333275298,146.76
28.92791655390835,46.81208333275298,86.75
28.936249887208348,46.81208333275298,65.1
28.94458322050835,46.81208333275298,79.58
28.95291655380835,46.81208333275298,113.93
28.961249887108348,46.81208333275298,246.41
28.96958322040835,46.81208333275298,351.87
28.97791655370835,46.81208333275298,314.22
28.98624988700835,46.81208333275298,100.33
28.994583220308346,46.81208333275298,44.3
28.50291655560835,46.803749999452975,196.96
28.51124988890835,46.803749999452975,193.19
28.51958322220835,46.803749999452975,140.77
28.527916555508348,46.803749999452975,257.72
28.53624988880835,46.803749999452975,272.49
28.54458322210835,46.803749999452975,264.81
28.55291655540835,46.803749999452975,258.4
28.56124988870835,46.803749999452975,90.63
28.56958322200835,46.803749999452975,48.99
28.57791655530835,46.803749999452975,46.36
28.58624988860835,46.803749999452975,54.28
28.59458322190835,46.803749999452975,76.44
28.60291655520835,46.803749999452975,140.21
28.61124988850835,46.803749999452975,161.0
28.619583221808348,46.803749999452975,184.58
28.62791655510835,46.803749999452975,95.4
28.63624988840835,46.803749999452975,44.99
28.64458322170835,46.803749999452975,36.5
28.65291655500835,46.803749999452975,34.39
28.66124988830835,46.803749999452975,44.07
28.66958322160835,46.803749999452975,73.9
28.677916554908354,46.803749999452975,165.01
28.68624988820835,46.803749999452975,155.5
28.69458322150835,46.803749999452975,75.35
28.70291655480835,46.803749999452975,53.65
28.711249888108348,46.803749999452975,48.58
28.71958322140835,46.803749999452975,53.92
28.72791655470835,46.803749999452975,56.8
28.73624988800835,46.803749999452975,55.3
28.744583221308346,46.803749999452975,53.94
28.752916554608348,46.803749999452975,51.37
28.76124988790835,46.803749999452975,66.36
28.769583221208354,46.803749999452975,92.9
28.77791655450835,46.803749999452975,81.33
28.78624988780835,46.803749999452975,68.98
28.79458322110835,46.803749999452975,52.45
28.80291655440835,46.803749999452975,43.38
28.81124988770835,46.803749999452975,38.81
28.81958322100835,46.803749999452975,36.24
28.82791655430835,46.803749999452975,36.22
28.83624988760835,46.803749999452975,36.45
28.844583220908348,46.803749999452975,36.14
28.85291655420835,46.803749999452975,36.65
28.86124988750835,46.803749999452975,38.22
28.86958322080835,46.803749999452975,40.24
28.87791655410835,46.803749999452975,44.97
28.88624988740835,46.803749999452975,56.77
28.89458322070835,46.803749999452975,81.19
28.90291655400835,46.803749999452975,213.26
28.91124988730835,46.803749999452975,312.45
28.91958322060835,46.803749999452975,174.0
28.92791655390835,46.803749999452975,124.59
28.936249887208348,46.803749999452975,75.94
28.94458322050835,46.803749999452975,77.38
28.95291655380835,46.803749999452975,95.34
28.961249887108348,46.803749999452975,105.42
28.96958322040835,46.803749999452975,120.49
28.97791655370835,46.803749999452975,95.19
28.98624988700835,46.803749999452975,49.33
28.994583220308346,46.803749999452975,39.96
